PID,RA,DEC,EPOC,SUBREGION,NAME,"ATLAS+GALEX",SDSS,"ATLAS+ST.LOCUS",Comments
STRIPE82,0.000,-0.700,2000,STRIPE82,STRIPE82-0001,1,0,,ATLAS_GALEX reference only cover half ccd (< 200 ref stars)
STRIPE82,0.000,0.700,2000,STRIPE82,STRIPE82-0002,1,0,,ATLAS_GALEX reference only cover half ccd (< 200 ref stars)
STRIPE82,1.417,-0.700,2000,STRIPE82,STRIPE82-0003,1,0,,
STRIPE82,1.417,0.700,2000,STRIPE82,STRIPE82-0004,1,0,,
STRIPE82,2.833,-0.700,2000,STRIPE82,STRIPE82-0005,1,0,,
STRIPE82,2.833,0.700,2000,STRIPE82,STRIPE82-0006,1,0,,
STRIPE82,4.250,-0.700,2000,STRIPE82,STRIPE82-0007,1,0,,
STRIPE82,4.250,0.700,2000,STRIPE82,STRIPE82-0008,1,0,,
STRIPE82,5.671,-0.700,2000,STRIPE82,STRIPE82-0009,1,0,,
STRIPE82,5.671,0.700,2000,STRIPE82,STRIPE82-0010,1,0,,
STRIPE82,7.088,-0.700,2000,STRIPE82,STRIPE82-0011,1,0,,
STRIPE82,7.088,0.700,2000,STRIPE82,STRIPE82-0012,1,0,,bad FWHM_n
STRIPE82,8.504,-0.700,2000,STRIPE82,STRIPE82-0013,1,0,,
STRIPE82,8.504,0.700,2000,STRIPE82,STRIPE82-0014,1,0,,
STRIPE82,9.921,-0.700,2000,STRIPE82,STRIPE82-0015,1,0,,
STRIPE82,9.921,0.700,2000,STRIPE82,STRIPE82-0016,1,0,,Large number of detections on the left side of CCD
STRIPE82,11.338,-0.700,2000,STRIPE82,STRIPE82-0017,1,0,,
STRIPE82,11.338,0.700,2000,STRIPE82,STRIPE82-0018,1,0,,
STRIPE82,12.754,-0.700,2000,STRIPE82,STRIPE82-0019,1,0,,
STRIPE82,12.754,0.700,2000,STRIPE82,STRIPE82-0020,1,0,,Large number of detections on the left side of CCD
STRIPE82,14.175,-0.700,2000,STRIPE82,STRIPE82-0021,1,0,,Large number of horizontal artifacts
STRIPE82,14.175,0.700,2000,STRIPE82,STRIPE82-0022,1,0,,
STRIPE82,15.592,-0.700,2000,STRIPE82,STRIPE82-0023,1,0,,
STRIPE82,15.592,0.700,2000,STRIPE82,STRIPE82-0024,1,0,,
STRIPE82,17.008,-0.700,2000,STRIPE82,STRIPE82-0025,1,0,,
STRIPE82,17.008,0.700,2000,STRIPE82,STRIPE82-0026,1,0,,
STRIPE82,18.425,-0.700,2000,STRIPE82,STRIPE82-0027,1,0,,ATLAS_GALEX partially covered (285 reference stars)
STRIPE82,18.425,0.700,2000,STRIPE82,STRIPE82-0028,1,0,,
STRIPE82,19.842,-0.700,2000,STRIPE82,STRIPE82-0029,-1,0,,
STRIPE82,19.842,0.700,2000,STRIPE82,STRIPE82-0030,1,0,,ATLAS_GALEX partially covered (361 reference stars)
STRIPE82,21.258,-0.700,2000,STRIPE82,STRIPE82-0031,1,0,,
STRIPE82,21.258,0.700,2000,STRIPE82,STRIPE82-0032,1,0,,
STRIPE82,22.679,-0.700,2000,STRIPE82,STRIPE82-0033,1,0,,
STRIPE82,22.679,0.700,2000,STRIPE82,STRIPE82-0034,1,0,,
STRIPE82,24.096,-0.700,2000,STRIPE82,STRIPE82-0035,1,0,,
STRIPE82,24.096,0.700,2000,STRIPE82,STRIPE82-0036,1,0,,
STRIPE82,25.513,-0.700,2000,STRIPE82,STRIPE82-0037,1,0,,
STRIPE82,25.513,0.700,2000,STRIPE82,STRIPE82-0038,1,0,,
STRIPE82,26.929,-0.700,2000,STRIPE82,STRIPE82-0039,1,0,,
STRIPE82,26.929,0.700,2000,STRIPE82,STRIPE82-0040,1,0,,
STRIPE82,28.346,-0.700,2000,STRIPE82,STRIPE82-0041,1,0,,
STRIPE82,28.346,0.700,2000,STRIPE82,STRIPE82-0042,1,0,,
STRIPE82,29.763,-0.700,2000,STRIPE82,STRIPE82-0043,1,0,,ATLAS_GALEX partially covered (407 reference stars)
STRIPE82,29.763,0.700,2000,STRIPE82,STRIPE82-0044,1,0,,ATLAS_GALEX partially covered (325 reference stars)
STRIPE82,31.179,-0.700,2000,STRIPE82,STRIPE82-0045,1,0,,"ATLAS_GALEX partially covered, only half CCD (276 reference stars)"
STRIPE82,31.179,0.700,2000,STRIPE82,STRIPE82-0046,-1,0,,
STRIPE82,32.600,-0.700,2000,STRIPE82,STRIPE82-0047,1,0,,Class_star is very bad
STRIPE82,32.600,0.700,2000,STRIPE82,STRIPE82-0048,1,0,,Large number of detections on the left side of CCD. Class_star lightly bad
STRIPE82,34.017,-0.700,2000,STRIPE82,STRIPE82-0049,1,0,,
STRIPE82,34.017,0.700,2000,STRIPE82,STRIPE82-0050,1,0,,
STRIPE82,35.433,-0.700,2000,STRIPE82,STRIPE82-0051,1,0,,
STRIPE82,35.433,0.700,2000,STRIPE82,STRIPE82-0052,1,0,,
STRIPE82,36.850,-0.700,2000,STRIPE82,STRIPE82-0053,1,0,,
STRIPE82,36.850,0.700,2000,STRIPE82,STRIPE82-0054,1,0,,Large number of detections on the left side of CCD
STRIPE82,38.267,-0.700,2000,STRIPE82,STRIPE82-0055,1,0,,"mag_aper - mag_auto with large scatter; Large number of detections on the left side of CCD; ATLAS_GALEX partially covered, only half (253 star); "
STRIPE82,38.267,0.700,2000,STRIPE82,STRIPE82-0056,-1,0,,
STRIPE82,39.683,-0.700,2000,STRIPE82,STRIPE82-0057,-1,0,,
STRIPE82,39.683,0.700,2000,STRIPE82,STRIPE82-0058,-1,0,,
STRIPE82,41.104,-0.700,2000,STRIPE82,STRIPE82-0059,-1,0,,
STRIPE82,41.104,0.700,2000,STRIPE82,STRIPE82-0060,-1,0,,
STRIPE82,42.521,-0.700,2000,STRIPE82,STRIPE82-0061,1,0,,
STRIPE82,42.521,0.700,2000,STRIPE82,STRIPE82-0062,1,0,,
STRIPE82,43.938,-0.700,2000,STRIPE82,STRIPE82-0063,1,0,,
STRIPE82,43.938,0.700,2000,STRIPE82,STRIPE82-0064,1,0,,Large number of detections on the left side of CCD
STRIPE82,45.354,-0.700,2000,STRIPE82,STRIPE82-0065,1,0,,
STRIPE82,45.354,0.700,2000,STRIPE82,STRIPE82-0066,1,0,,Both SDSS and ATLAS_GALEX: G - I slightly to the right?
STRIPE82,46.771,-0.700,2000,STRIPE82,STRIPE82-0067,1,0,,
STRIPE82,46.771,0.700,2000,STRIPE82,STRIPE82-0068,1,0,,Slightly bad class_star
STRIPE82,48.188,-0.700,2000,STRIPE82,STRIPE82-0069,1,0,,
STRIPE82,48.188,0.700,2000,STRIPE82,STRIPE82-0070,1,0,,mag_aper - mag_auto with larger scatter
STRIPE82,49.608,-0.700,2000,STRIPE82,STRIPE82-0071,1,0,,
STRIPE82,49.608,0.700,2000,STRIPE82,STRIPE82-0072,1,0,,ATLAS_GALEX partially covered (318 reference stars); Large number of detections on the left size of CCD
STRIPE82,51.025,-0.700,2000,STRIPE82,STRIPE82-0073,-1,0,,
STRIPE82,51.025,0.700,2000,STRIPE82,STRIPE82-0074,1,0,,ATLAS_GALEX partially covered (386 reference stars) 
STRIPE82,52.442,-0.700,2000,STRIPE82,STRIPE82-0075,1,0,,"ATLAS_GALEX partially covered, only half CCD (285 reference stars) "
STRIPE82,52.442,0.700,2000,STRIPE82,STRIPE82-0076,1,0,,
STRIPE82,53.858,-0.700,2000,STRIPE82,STRIPE82-0077,1,0,,
STRIPE82,53.858,0.700,2000,STRIPE82,STRIPE82-0078,1,0,,ATLAS_GALEX partially covered (323 reference stars) 
STRIPE82,55.275,-0.700,2000,STRIPE82,STRIPE82-0079,1,0,,ATLAS_GALEX partially covered (294 reference stars) 
STRIPE82,55.275,0.700,2000,STRIPE82,STRIPE82-0080,1,0,,Large number of line artifacts
STRIPE82,56.692,-0.700,2000,STRIPE82,STRIPE82-0081,-1,0,,
STRIPE82,56.692,0.700,2000,STRIPE82,STRIPE82-0082,1,0,,
STRIPE82,58.108,-0.700,2000,STRIPE82,STRIPE82-0083,-1,0,,
STRIPE82,58.108,0.700,2000,STRIPE82,STRIPE82-0084,1,0,,ATLAS_GALEX partially covered (279 reference stars) 
STRIPE82,59.529,-0.700,2000,STRIPE82,STRIPE82-0085,-1,0,,
STRIPE82,59.529,0.700,2000,STRIPE82,STRIPE82-0086,1,0,,ATLAS_GALEX partially covered (227 reference stars); Stellar locus seems off for both ATLAS_GALEX and SDSS
STRIPE82,300.471,-0.700,2000,STRIPE82,STRIPE82-0087,-1,0,,SDSS only partially covered (but with 2505 stars)
STRIPE82,300.471,0.700,2000,STRIPE82,STRIPE82-0088,-1,0,,
STRIPE82,301.892,-0.700,2000,STRIPE82,STRIPE82-0089,-1,0,,
STRIPE82,301.892,0.700,2000,STRIPE82,STRIPE82-0090,-1,0,,
STRIPE82,303.308,-0.700,2000,STRIPE82,STRIPE82-0091,-1,0,,
STRIPE82,303.308,0.700,2000,STRIPE82,STRIPE82-0092,-1,0,,
STRIPE82,304.725,-0.700,2000,STRIPE82,STRIPE82-0093,1,0,,ATLAS_GALEX partially covered (but with 1297 reference stars) 
STRIPE82,304.725,0.700,2000,STRIPE82,STRIPE82-0094,1,0,,Stellar locus bad for red narrow bands; r_auto - r_aper with high scatter; ATLAS_GALEX partially covered (but with 1917 reference stars) 
STRIPE82,306.142,-0.700,2000,STRIPE82,STRIPE82-0095,1,0,,
STRIPE82,306.142,0.700,2000,STRIPE82,STRIPE82-0096,-1,0,,
STRIPE82,307.558,-0.700,2000,STRIPE82,STRIPE82-0097,1,0,,ATLAS_GALEX partially covered (but with 1243 reference stars) 
STRIPE82,307.558,0.700,2000,STRIPE82,STRIPE82-0098,1,0,,ATLAS_GALEX partially covered (but with 1376 reference stars) 
STRIPE82,308.975,-0.700,2000,STRIPE82,STRIPE82-0099,1,0,,ATLAS_GALEX partially covered (but with 1888 reference stars) 
STRIPE82,308.975,0.700,2000,STRIPE82,STRIPE82-0100,-1,0,,
STRIPE82,310.392,-0.700,2000,STRIPE82,STRIPE82-0101,1,0,,ATLAS_GALEX partially covered (but with 2041 reference stars) 
STRIPE82,310.392,0.700,2000,STRIPE82,STRIPE82-0102,1,0,,
STRIPE82,311.813,-0.700,2000,STRIPE82,STRIPE82-0103,1,0,,
STRIPE82,311.813,0.700,2000,STRIPE82,STRIPE82-0104,1,0,,ATLAS_GALEX partially covered (but with 2008 reference stars) 
STRIPE82,313.229,-0.700,2000,STRIPE82,STRIPE82-0105,1,0,,Large scatter in FWHM_n and r_auto-r_aper
STRIPE82,313.229,0.700,2000,STRIPE82,STRIPE82-0106,1,0,,
STRIPE82,314.646,-0.700,2000,STRIPE82,STRIPE82-0107,1,0,,ATLAS_GALEX partially covered (but with 1728 reference stars) 
STRIPE82,314.646,0.700,2000,STRIPE82,STRIPE82-0108,1,0,,
STRIPE82,316.063,-0.700,2000,STRIPE82,STRIPE82-0109,-1,0,,
STRIPE82,316.063,0.700,2000,STRIPE82,STRIPE82-0110,1,0,,slightly bad class_star; ATLAS_GALEX partially covered (but with 2140 reference stars) 
STRIPE82,317.479,-0.700,2000,STRIPE82,STRIPE82-0111,-1,0,,
STRIPE82,317.479,0.700,2000,STRIPE82,STRIPE82-0112,-1,0,,
STRIPE82,318.896,-0.700,2000,STRIPE82,STRIPE82-0113,1,0,,
STRIPE82,318.896,0.700,2000,STRIPE82,STRIPE82-0114,1,0,,ATLAS_GALEX partially covered (but with 1142 reference stars) 
STRIPE82,320.317,-0.700,2000,STRIPE82,STRIPE82-0115,1,0,,
STRIPE82,320.317,0.700,2000,STRIPE82,STRIPE82-0116,-1,0,,
STRIPE82,321.733,-0.700,2000,STRIPE82,STRIPE82-0117,1,0,,
STRIPE82,321.733,0.700,2000,STRIPE82,STRIPE82-0118,1,0,,"ATLAS_GALEX partially covered, half CCD (but with 1079 reference stars) "
STRIPE82,323.150,-0.700,2000,STRIPE82,STRIPE82-0119,1,0,,
STRIPE82,323.150,0.700,2000,STRIPE82,STRIPE82-0120,1,0,,slightly bad class star
STRIPE82,324.567,-0.700,2000,STRIPE82,STRIPE82-0121,-1,0,,
STRIPE82,324.567,0.700,2000,STRIPE82,STRIPE82-0122,1,0,,
STRIPE82,325.983,-0.700,2000,STRIPE82,STRIPE82-0123,1,0,,
STRIPE82,325.983,0.700,2000,STRIPE82,STRIPE82-0124,1,0,,large scatter in r_auto - r_aper
STRIPE82,327.400,-0.700,2000,STRIPE82,STRIPE82-0125,1,0,,
STRIPE82,327.400,0.700,2000,STRIPE82,STRIPE82-0126,1,0,,
STRIPE82,328.821,-0.700,2000,STRIPE82,STRIPE82-0127,1,0,,
STRIPE82,328.821,0.700,2000,STRIPE82,STRIPE82-0128,1,0,,
STRIPE82,330.238,-0.700,2000,STRIPE82,STRIPE82-0129,1,0,,
STRIPE82,330.238,0.700,2000,STRIPE82,STRIPE82-0130,1,0,,
STRIPE82,331.654,-0.700,2000,STRIPE82,STRIPE82-0131,1,0,,bad class_star; field has a very bright star in the middle
STRIPE82,331.654,0.700,2000,STRIPE82,STRIPE82-0132,1,0,,
STRIPE82,333.071,-0.700,2000,STRIPE82,STRIPE82-0133,1,0,,
STRIPE82,333.071,0.700,2000,STRIPE82,STRIPE82-0134,1,0,,
STRIPE82,334.488,-0.700,2000,STRIPE82,STRIPE82-0135,-1,0,,
STRIPE82,334.488,0.700,2000,STRIPE82,STRIPE82-0136,1,0,,"ATLAS_GALEX partially covered, half CCD (620 reference stars) "
STRIPE82,335.904,-0.700,2000,STRIPE82,STRIPE82-0137,-1,0,,
STRIPE82,335.904,0.700,2000,STRIPE82,STRIPE82-0138,-1,0,,
STRIPE82,337.321,-0.700,2000,STRIPE82,STRIPE82-0139,-1,0,,
STRIPE82,337.321,0.700,2000,STRIPE82,STRIPE82-0140,-1,0,,
STRIPE82,338.742,-0.700,2000,STRIPE82,STRIPE82-0141,-1,0,,
STRIPE82,338.742,0.700,2000,STRIPE82,STRIPE82-0142,-1,0,,
STRIPE82,340.158,-0.700,2000,STRIPE82,STRIPE82-0143,1,0,,"ATLAS_GALEX partially covered, (450 reference stars) "
STRIPE82,340.158,0.700,2000,STRIPE82,STRIPE82-0144,-1,0,,
STRIPE82,341.575,-0.700,2000,STRIPE82,STRIPE82-0145,1,0,,
STRIPE82,341.575,0.700,2000,STRIPE82,STRIPE82-0146,1,0,,slightly bad FWHM_n and r_auto-r_aper
STRIPE82,342.992,-0.700,2000,STRIPE82,STRIPE82-0147,1,0,,
STRIPE82,342.992,0.700,2000,STRIPE82,STRIPE82-0148,1,0,,
STRIPE82,344.408,-0.700,2000,STRIPE82,STRIPE82-0149,1,0,,
STRIPE82,344.408,0.700,2000,STRIPE82,STRIPE82-0150,1,0,,
STRIPE82,345.825,-0.700,2000,STRIPE82,STRIPE82-0151,1,0,,
STRIPE82,345.825,0.700,2000,STRIPE82,STRIPE82-0152,1,0,,
STRIPE82,347.246,-0.700,2000,STRIPE82,STRIPE82-0153,1,0,,
STRIPE82,347.246,0.700,2000,STRIPE82,STRIPE82-0154,1,0,,
STRIPE82,348.663,-0.700,2000,STRIPE82,STRIPE82-0155,1,0,,
STRIPE82,348.663,0.700,2000,STRIPE82,STRIPE82-0156,1,0,,
STRIPE82,350.079,-0.700,2000,STRIPE82,STRIPE82-0157,1,0,,Slightly bad class_star
STRIPE82,350.079,0.700,2000,STRIPE82,STRIPE82-0158,1,0,,Slightly bad class_star
STRIPE82,351.496,-0.700,2000,STRIPE82,STRIPE82-0159,-1,0,,
STRIPE82,351.496,0.700,2000,STRIPE82,STRIPE82-0160,1,0,,"bad class_star; ATLAS_GALEX partially covered, (451 reference stars) "
STRIPE82,352.913,-0.700,2000,STRIPE82,STRIPE82-0161,1,0,,"slightly bad FWHM_n and r_auto-r_aper;  ATLAS_GALEX partially covered, (359 reference stars) "
STRIPE82,352.913,0.700,2000,STRIPE82,STRIPE82-0162,1,0,,larger scatter for FWHM_n
STRIPE82,354.329,-0.700,2000,STRIPE82,STRIPE82-0163,1,0,,
STRIPE82,354.329,0.700,2000,STRIPE82,STRIPE82-0164,1,0,,
STRIPE82,355.750,-0.700,2000,STRIPE82,STRIPE82-0165,1,0,,
STRIPE82,355.750,0.700,2000,STRIPE82,STRIPE82-0166,1,0,,"ATLAS_GALEX partially covered, (422 reference stars) "
STRIPE82,357.167,-0.700,2000,STRIPE82,STRIPE82-0167,1,0,,Slightly bad class_star
STRIPE82,357.167,0.700,2000,STRIPE82,STRIPE82-0168,1,0,,
STRIPE82,358.583,-0.700,2000,STRIPE82,STRIPE82-0169,1,0,,
STRIPE82,358.583,0.700,2000,STRIPE82,STRIPE82-0170,1,0,,
MC,67.692,-63.268,2000,MC,MC0001,,,,
MC,70.771,-63.268,2000,MC,MC0002,,,,
MC,73.846,-63.268,2000,MC,MC0003,,,,
MC,76.925,-63.268,2000,MC,MC0004,,,,
MC,80.000,-63.268,2000,MC,MC0005,,,,
MC,83.075,-63.268,2000,MC,MC0006,,,,
MC,86.154,-63.268,2000,MC,MC0007,,,,
MC,89.229,-63.268,2000,MC,MC0008,,,,
MC,92.308,-63.268,2000,MC,MC0009,,,,
MC,95.383,-63.268,2000,MC,MC0010,,,,
MC,67.500,-64.569,2000,MC,MC0011,,,,
MC,70.713,-64.569,2000,MC,MC0012,,,,
MC,73.929,-64.569,2000,MC,MC0013,,,,
MC,77.142,-64.569,2000,MC,MC0014,,,,
MC,80.358,-64.569,2000,MC,MC0015,,,,
MC,83.571,-64.569,2000,MC,MC0016,,,,
MC,86.788,-64.569,2000,MC,MC0017,,,,
MC,90.000,-64.569,2000,MC,MC0018,,,,
MC,93.213,-64.569,2000,MC,MC0019,,,,
MC,96.429,-64.569,2000,MC,MC0020,,,,
MC,70.654,-65.863,2000,MC,MC0021,,,,
MC,74.017,-65.863,2000,MC,MC0022,,,,
MC,77.383,-65.863,2000,MC,MC0023,,,,
MC,80.746,-65.863,2000,MC,MC0024,,,,
MC,84.113,-65.863,2000,MC,MC0025,,,,
MC,87.475,-65.863,2000,MC,MC0026,,,,
MC,90.842,-65.863,2000,MC,MC0027,,,,
MC,94.204,-65.863,2000,MC,MC0028,,,,
MC,70.588,-67.151,2000,MC,MC0029,,,,
MC,74.117,-67.151,2000,MC,MC0030,,,,
MC,77.646,-67.151,2000,MC,MC0031,,,,
MC,81.175,-67.151,2000,MC,MC0032,,,,
MC,84.704,-67.151,2000,MC,MC0033,,,,
MC,88.233,-67.151,2000,MC,MC0034,,,,
MC,91.767,-67.151,2000,MC,MC0035,,,,
MC,95.296,-67.151,2000,MC,MC0036,,,,
MC,70.517,-68.432,2000,MC,MC0037,,,,
MC,74.225,-68.432,2000,MC,MC0038,,,,
MC,77.938,-68.432,2000,MC,MC0039,,,,
MC,81.650,-68.432,2000,MC,MC0040,,,,
MC,85.363,-68.432,2000,MC,MC0041,,,,
MC,89.071,-68.432,2000,MC,MC0042,,,,
MC,92.783,-68.432,2000,MC,MC0043,,,,
MC,96.496,-68.432,2000,MC,MC0044,,,,
MC,3.954,-69.706,2000,MC,MC0045,,,,
MC,7.913,-69.706,2000,MC,MC0046,,,,
MC,11.867,-69.706,2000,MC,MC0047,,,,
MC,15.825,-69.706,2000,MC,MC0048,,,,
MC,19.779,-69.706,2000,MC,MC0049,,,,
MC,23.738,-69.706,2000,MC,MC0050,,,,
MC,27.692,-69.706,2000,MC,MC0051,,,,
MC,31.650,-69.706,2000,MC,MC0052,,,,
MC,35.604,-69.706,2000,MC,MC0053,,,,
MC,39.563,-69.706,2000,MC,MC0054,,,,
MC,43.517,-69.706,2000,MC,MC0055,,,,
MC,47.471,-69.706,2000,MC,MC0056,,,,
MC,51.429,-69.706,2000,MC,MC0057,,,,
MC,55.383,-69.706,2000,MC,MC0058,,,,
MC,59.342,-69.706,2000,MC,MC0059,,,,
MC,63.296,-69.706,2000,MC,MC0060,,,,
MC,67.254,-69.706,2000,MC,MC0061,,,,
MC,71.208,-69.706,2000,MC,MC0062,,,,
MC,75.167,-69.706,2000,MC,MC0063,,,,
MC,79.121,-69.706,2000,MC,MC0064,,,,
MC,83.075,-69.706,2000,MC,MC0065,,,,
MC,87.033,-69.706,2000,MC,MC0066,,,,
MC,90.988,-69.706,2000,MC,MC0067,,,,
MC,94.946,-69.706,2000,MC,MC0068,,,,
MC,4.188,-70.967,2000,MC,MC0069,,,,
MC,8.371,-70.967,2000,MC,MC0070,,,,
MC,12.558,-70.967,2000,MC,MC0071,,,,
MC,16.746,-70.967,2000,MC,MC0072,,,,
MC,20.929,-70.967,2000,MC,MC0073,,,,
MC,25.117,-70.967,2000,MC,MC0074,,,,
MC,29.304,-70.967,2000,MC,MC0075,,,,
MC,33.488,-70.967,2000,MC,MC0076,,,,
MC,37.675,-70.967,2000,MC,MC0077,,,,
MC,41.863,-70.967,2000,MC,MC0078,,,,
MC,46.046,-70.967,2000,MC,MC0079,,,,
MC,50.233,-70.967,2000,MC,MC0080,,,,
MC,54.417,-70.967,2000,MC,MC0081,,,,
MC,58.604,-70.967,2000,MC,MC0082,,,,
MC,62.792,-70.967,2000,MC,MC0083,,,,
MC,66.975,-70.967,2000,MC,MC0084,,,,
MC,71.163,-70.967,2000,MC,MC0085,,,,
MC,75.350,-70.967,2000,MC,MC0086,,,,
MC,79.533,-70.967,2000,MC,MC0087,,,,
MC,83.721,-70.967,2000,MC,MC0088,,,,
MC,87.908,-70.967,2000,MC,MC0089,,,,
MC,92.092,-70.967,2000,MC,MC0090,,,,
MC,96.279,-70.967,2000,MC,MC0091,,,,
MC,8.888,-72.219,2000,MC,MC0093,,,,
MC,13.333,-72.219,2000,MC,MC0094,,,,
MC,17.779,-72.219,2000,MC,MC0095,,,,
MC,22.221,-72.219,2000,MC,MC0096,,,,
MC,26.667,-72.219,2000,MC,MC0097,,,,
MC,31.113,-72.219,2000,MC,MC0098,,,,
MC,35.554,-72.219,2000,MC,MC0099,,,,
MC,40.000,-72.219,2000,MC,MC0100,,,,
MC,44.446,-72.219,2000,MC,MC0101,,,,
MC,48.888,-72.219,2000,MC,MC0102,,,,
MC,53.333,-72.219,2000,MC,MC0103,,,,
MC,57.779,-72.219,2000,MC,MC0104,,,,
MC,62.221,-72.219,2000,MC,MC0105,,,,
MC,66.667,-72.219,2000,MC,MC0106,,,,
MC,71.113,-72.219,2000,MC,MC0107,,,,
MC,75.554,-72.219,2000,MC,MC0108,,,,
MC,80.000,-72.219,2000,MC,MC0109,,,,
MC,84.446,-72.219,2000,MC,MC0110,,,,
MC,88.888,-72.219,2000,MC,MC0111,,,,
MC,93.333,-72.219,2000,MC,MC0112,,,,
MC,4.738,-73.462,2000,MC,MC0113,,,,
MC,9.475,-73.462,2000,MC,MC0114,,,,
MC,14.213,-73.462,2000,MC,MC0115,,,,
MC,18.946,-73.462,2000,MC,MC0116,,,,
MC,23.683,-73.462,2000,MC,MC0117,,,,
MC,28.421,-73.462,2000,MC,MC0118,,,,
MC,33.158,-73.462,2000,MC,MC0119,,,,
MC,37.896,-73.462,2000,MC,MC0120,,,,
MC,42.633,-73.462,2000,MC,MC0121,,,,
MC,47.367,-73.462,2000,MC,MC0122,,,,
MC,52.104,-73.462,2000,MC,MC0123,,,,
MC,56.842,-73.462,2000,MC,MC0124,,,,
MC,61.579,-73.462,2000,MC,MC0125,,,,
MC,66.317,-73.462,2000,MC,MC0126,,,,
MC,71.054,-73.462,2000,MC,MC0127,,,,
MC,75.788,-73.462,2000,MC,MC0128,,,,
MC,80.525,-73.462,2000,MC,MC0129,,,,
MC,85.263,-73.462,2000,MC,MC0130,,,,
MC,90.000,-73.462,2000,MC,MC0131,,,,
MC,94.738,-73.462,2000,MC,MC0132,,,,
MC,5.142,-74.693,2000,MC,MC0133,,,,
MC,10.288,-74.693,2000,MC,MC0134,,,,
MC,15.429,-74.693,2000,MC,MC0135,,,,
MC,20.571,-74.693,2000,MC,MC0136,,,,
MC,25.713,-74.693,2000,MC,MC0137,,,,
MC,30.858,-74.693,2000,MC,MC0138,,,,
MC,36.000,-74.693,2000,MC,MC0139,,,,
MC,41.142,-74.693,2000,MC,MC0140,,,,
MC,46.288,-74.693,2000,MC,MC0141,,,,
MC,51.429,-74.693,2000,MC,MC0142,,,,
MC,56.571,-74.693,2000,MC,MC0143,,,,
MC,61.713,-74.693,2000,MC,MC0144,,,,
MC,66.858,-74.693,2000,MC,MC0145,,,,
MC,72.000,-74.693,2000,MC,MC0146,,,,
MC,77.142,-74.693,2000,MC,MC0147,,,,
MC,82.288,-74.693,2000,MC,MC0148,,,,
MC,87.429,-74.693,2000,MC,MC0149,,,,
MC,92.571,-74.693,2000,MC,MC0150,,,,
SPLUS,347.346,-16.220,2000,MAIN3.8,SPLUS-s13s46,1,,,
SPLUS,326.613,-21.581,2000,MAIN3.8,SPLUS-s17s30,1,,,
SPLUS,324.879,-22.917,2000,MAIN3.8,SPLUS-s18s28,1,,,ATLAS_GALEX strange patterns
SPLUS,348.113,-37.509,2000,MAIN3.8,SPLUS-s29s65,,,,
SPLUS,37.896,-38.824,2000,MAIN3.8,SPLUS-s30s23,,,,
SPLUS,15.804,-40.138,2000,MAIN3.8,SPLUS-s31s10,,,,
SPLUS,38.633,-40.138,2000,MAIN3.8,SPLUS-s31s23,,,,
SPLUS,340.683,-40.138,2000,MAIN3.8,SPLUS-s31s58,,,,
SPLUS,37.613,-41.449,2000,MAIN3.8,SPLUS-s32s22,,,,
SPLUS,354.625,-41.449,2000,MAIN3.8,SPLUS-s32s65,,,,
SPLUS,9.138,-42.758,2000,MAIN3.8,SPLUS-s33s06,,,,
SPLUS,37.304,-44.065,2000,MAIN3.8,SPLUS-s34s21,,,,
SPLUS,323.808,-45.370,2000,MAIN3.8,SPLUS-s35s45,,,,
SPLUS,31.304,-46.672,2000,MAIN3.8,SPLUS-s36s17,,,,
SPLUS,326.000,-47.971,2000,MAIN3.8,SPLUS-s37s44,,,,
SPLUS,59.317,-49.268,2000,MAIN3.8,SPLUS-s38s30,,,,
SPLUS,333.408,-49.268,2000,MAIN3.8,SPLUS-s38s47,,,,
SPLUS,40.000,-50.563,2000,MAIN3.8,SPLUS-s39s20,,,,
SPLUS,47.367,-55.708,2000,MAIN3.8,SPLUS-s43s21,,,,
SPLUS,49.738,-55.708,2000,MAIN3.8,SPLUS-s43s22,,,,
SPLUS,345.788,-55.708,2000,MAIN3.8,SPLUS-s43s46,,,,
SPLUS,316.900,-58.259,2000,MAIN3.8,SPLUS-s45s31,,,,
SPLUS,2.629,-59.528,2000,MAIN3.8,SPLUS-s46s02,,,,
SPLUS,320.583,-59.528,2000,MAIN3.8,SPLUS-s46s32,,,,
SPLUS,150.792,0.000,2000,MAIN3.8,SPLUS-n01s01,1,,,
SPLUS,199.700,0.000,2000,MAIN3.8,SPLUS-n01s37,1,,,
SPLUS,201.058,0.000,2000,MAIN3.8,SPLUS-n01s38,1,,,large scatter for FWHM_n 
SPLUS,199.700,-1.359,2000,MAIN3.8,SPLUS-n02s37,1,,,
SPLUS,201.058,-1.359,2000,MAIN3.8,SPLUS-n02s38,1,,,large scatter for FWHM_n 
SPLUS,150.792,1.359,2000,MAIN3.8,SPLUS-n02n01,1,,,
SPLUS,150.792,2.717,2000,MAIN3.8,SPLUS-n03n01,1,,,
SPLUS,150.792,4.074,2000,MAIN3.8,SPLUS-n04n01,1,,,large scatter for FWHM_n 
SPLUS,216.817,5.429,2000,MAIN3.8,SPLUS-n05n50,1,,,ATLAS_GALEX partially covered (1066 reference stars)
SPLUS,220.908,5.429,2000,MAIN3.8,SPLUS-n05n53,1,,,large scatter for r_auto-r_aper
SPLUS,223.638,5.429,2000,MAIN3.8,SPLUS-n05n55,1,,,large scatter for r_auto-r_aper
SPLUS,173.075,-12.184,2000,MAIN3.8,SPLUS-n10s17,1,,,slightly bad class_star
SPLUS,223.550,-21.581,2000,MAIN3.8,SPLUS-n17s51,1,,,"ATLAS_GALEX partially covered, half of CCD (670 reference stars)"
SPLUS,223.904,-22.917,2000,MAIN3.8,SPLUS-n18s51,1,,,ATLAS_GALEX partially covered (1324 reference stars)
SPLUS,214.088,-25.590,2000,MAIN3.8,SPLUS-n20s34,1,,,
SPLUS,215.575,-25.590,2000,MAIN3.8,SPLUS-n20s35,1,,,
SPLUS,223.013,-25.590,2000,MAIN3.8,SPLUS-n20s40,1,,,"ATLAS_GALEX partially covered, half of CCD (635 reference stars)"
SPLUS,173.888,0.000,2000,MAIN3.7,SPLUS-n01s18,1,,,
SPLUS,175.246,0.000,2000,MAIN3.7,SPLUS-n01s19,1,,,
SPLUS,176.604,0.000,2000,MAIN3.7,SPLUS-n01s20,1,,,large scatter for r_auto-r_aper
SPLUS,177.963,0.000,2000,MAIN3.7,SPLUS-n01s21,1,,,
SPLUS,179.321,0.000,2000,MAIN3.7,SPLUS-n01s22,-1,,,
SPLUS,180.679,0.000,2000,MAIN3.7,SPLUS-n01s23,-1,,,
SPLUS,182.038,0.000,2000,MAIN3.7,SPLUS-n01s24,1,,,
SPLUS,183.396,0.000,2000,MAIN3.7,SPLUS-n01s25,1,,,
SPLUS,184.754,0.000,2000,MAIN3.7,SPLUS-n01s26,1,,,ATLAS_GALEX partially covered (709 reference stars)
SPLUS,186.113,0.000,2000,MAIN3.7,SPLUS-n01s27,1,,,ATLAS_GALEX partially covered (766 reference stars)
SPLUS,187.471,0.000,2000,MAIN3.7,SPLUS-n01s28,1,,,ATLAS_GALEX partially covered (533 reference stars)
SPLUS,173.888,-1.359,2000,MAIN3.7,SPLUS-n02s18,1,,,
SPLUS,175.246,-1.359,2000,MAIN3.7,SPLUS-n02s19,1,,,
SPLUS,176.604,-1.359,2000,MAIN3.7,SPLUS-n02s20,-1,,,
SPLUS,177.963,-1.359,2000,MAIN3.7,SPLUS-n02s21,-1,,,
SPLUS,179.321,-1.359,2000,MAIN3.7,SPLUS-n02s22,-1,,,
SPLUS,180.679,-1.359,2000,MAIN3.7,SPLUS-n02s23,-1,,,
SPLUS,182.038,-1.359,2000,MAIN3.7,SPLUS-n02s24,1,,,
SPLUS,183.396,-1.359,2000,MAIN3.7,SPLUS-n02s25,1,,,slightly bad class_star
SPLUS,184.754,-1.359,2000,MAIN3.7,SPLUS-n02s26,1,,,
SPLUS,186.113,-1.359,2000,MAIN3.7,SPLUS-n02s27,1,,,
SPLUS,187.471,-1.359,2000,MAIN3.7,SPLUS-n02s28,1,,,
SPLUS,173.888,1.359,2000,MAIN3.7,SPLUS-n02n18,1,,,
SPLUS,175.246,1.359,2000,MAIN3.7,SPLUS-n02n19,1,,,
SPLUS,176.604,1.359,2000,MAIN3.7,SPLUS-n02n20,1,,,
SPLUS,177.963,1.359,2000,MAIN3.7,SPLUS-n02n21,1,,,
SPLUS,179.321,1.359,2000,MAIN3.7,SPLUS-n02n22,-1,,,
SPLUS,180.679,1.359,2000,MAIN3.7,SPLUS-n02n23,-1,,,
SPLUS,182.038,1.359,2000,MAIN3.7,SPLUS-n02n24,1,,,
SPLUS,183.396,1.359,2000,MAIN3.7,SPLUS-n02n25,1,,,
SPLUS,184.754,1.359,2000,MAIN3.7,SPLUS-n02n26,1,,,ATLAS_GALEX partially covered (569 reference stars)
SPLUS,186.113,1.359,2000,MAIN3.7,SPLUS-n02n27,1,,,
SPLUS,187.471,1.359,2000,MAIN3.7,SPLUS-n02n28,1,,,ATLAS_GALEX partially covered (896 reference stars)
SPLUS,173.888,-2.717,2000,MAIN3.7,SPLUS-n03s18,1,,,
SPLUS,175.246,-2.717,2000,MAIN3.7,SPLUS-n03s19,1,,,
SPLUS,176.604,-2.717,2000,MAIN3.7,SPLUS-n03s20,1,,,
SPLUS,177.963,-2.717,2000,MAIN3.7,SPLUS-n03s21,1,,,ATLAS_GALEX partially covered (541 reference stars)
SPLUS,179.321,-2.717,2000,MAIN3.7,SPLUS-n03s22,-1,,,
SPLUS,180.679,-2.717,2000,MAIN3.7,SPLUS-n03s23,-1,,,
SPLUS,182.038,-2.717,2000,MAIN3.7,SPLUS-n03s24,1,,,
SPLUS,183.396,-2.717,2000,MAIN3.7,SPLUS-n03s25,1,,,
SPLUS,184.754,-2.717,2000,MAIN3.7,SPLUS-n03s26,1,,,
SPLUS,186.113,-2.717,2000,MAIN3.7,SPLUS-n03s27,1,,,
SPLUS,187.471,-2.717,2000,MAIN3.7,SPLUS-n03s28,1,,,
SPLUS,209.208,-1.359,2000,MAIN3.6,SPLUS-n02s44,1,,,ATLAS_GALEX partially covered (758 reference stars)
SPLUS,209.208,1.359,2000,MAIN3.6,SPLUS-n02n44,1,,,large scatter for r_auto-r_aper
SPLUS,207.850,-2.717,2000,MAIN3.6,SPLUS-n03s43,1,,,ATLAS_GALEX partially covered (487 reference stars); slightly bad class_star
SPLUS,209.208,-2.717,2000,MAIN3.6,SPLUS-n03s44,1,,,
SPLUS,205.133,-4.074,2000,MAIN3.6,SPLUS-n04s41,1,,,
SPLUS,206.492,-4.074,2000,MAIN3.6,SPLUS-n04s42,1,,,large scatter for r_auto-r_aper
SPLUS,207.850,-4.074,2000,MAIN3.6,SPLUS-n04s43,1,,,large scatter for r_auto-r_aper
SPLUS,209.208,-4.074,2000,MAIN3.6,SPLUS-n04s44,1,,,bad class_star
SPLUS,207.271,-5.429,2000,MAIN3.6,SPLUS-n05s43,1,,,
SPLUS,208.638,-5.429,2000,MAIN3.6,SPLUS-n05s44,1,,,
SPLUS,210.000,-5.429,2000,MAIN3.6,SPLUS-n05s45,1,,,
SPLUS,203.183,-6.783,2000,MAIN3.6,SPLUS-n06s40,1,,,ATLAS_GALEX partially covered (586 reference stars)
SPLUS,204.546,-6.783,2000,MAIN3.6,SPLUS-n06s41,1,,,ATLAS_GALEX partially covered (671 reference stars)
SPLUS,205.908,-6.783,2000,MAIN3.6,SPLUS-n06s42,1,,,
SPLUS,207.271,-6.783,2000,MAIN3.6,SPLUS-n06s43,1,,,
SPLUS,208.638,-6.783,2000,MAIN3.6,SPLUS-n06s44,1,,,
SPLUS,210.000,-6.783,2000,MAIN3.6,SPLUS-n06s45,1,,,
SPLUS,201.217,-8.135,2000,MAIN3.6,SPLUS-n07s38,1,,,ATLAS_GALEX partially covered (721 reference stars)
SPLUS,202.588,-8.135,2000,MAIN3.6,SPLUS-n07s39,1,,,
SPLUS,203.954,-8.135,2000,MAIN3.6,SPLUS-n07s40,1,,,slightly bad class_star
SPLUS,205.325,-8.135,2000,MAIN3.6,SPLUS-n07s41,1,,,ATLAS_GALEX bright star?; large scatter for FWHM_n 
SPLUS,206.692,-8.135,2000,MAIN3.6,SPLUS-n07s42,1,,,large scatter for FWHM_n 
SPLUS,208.063,-8.135,2000,MAIN3.6,SPLUS-n07s43,1,,,ATLAS_GALEX partially covered (777 reference stars); large scatter for FWHM_n 
SPLUS,209.429,-8.135,2000,MAIN3.6,SPLUS-n07s44,1,,,ATLAS_GALEX partially covered (778 reference stars); large scatter for FWHM_n 
SPLUS,200.613,-9.486,2000,MAIN3.6,SPLUS-n08s37,1,,,ATLAS_GALEX very small coverage (191 reference stars); slightly bad class_star
SPLUS,201.983,-9.486,2000,MAIN3.6,SPLUS-n08s38,1,,,ATLAS_GALEX partially covered (311 reference stars)
SPLUS,203.358,-9.486,2000,MAIN3.6,SPLUS-n08s39,1,,,ATLAS_GALEX partially covered (792 reference stars)
SPLUS,204.733,-9.486,2000,MAIN3.6,SPLUS-n08s40,1,,,
SPLUS,206.108,-9.486,2000,MAIN3.6,SPLUS-n08s41,1,,,
SPLUS,207.479,-9.486,2000,MAIN3.6,SPLUS-n08s42,1,,,ATLAS_GALEX partially covered (869 reference stars)
SPLUS,198.621,-10.836,2000,MAIN3.6,SPLUS-n09s36,1,,,
SPLUS,200.000,-10.836,2000,MAIN3.6,SPLUS-n09s37,1,,,ATLAS_GALEX very small coverage (152 reference stars); large scatter for r_auto-r_aper
SPLUS,201.379,-10.836,2000,MAIN3.6,SPLUS-n09s38,-1,,,
SPLUS,202.758,-10.836,2000,MAIN3.6,SPLUS-n09s39,1,,,ATLAS_GALEX very small coverage (33 reference stars)
SPLUS,204.138,-10.836,2000,MAIN3.6,SPLUS-n09s40,1,,,ATLAS_GALEX partially covered (716 reference stars); slightly bad class_star
SPLUS,205.517,-10.836,2000,MAIN3.6,SPLUS-n09s41,1,,,
SPLUS,206.896,-10.836,2000,MAIN3.6,SPLUS-n09s42,1,,,
SPLUS,208.275,-10.836,2000,MAIN3.6,SPLUS-n09s43,1,,,ATLAS_GALEX has diagonal lines; large scatter for r_auto-r_aper
SPLUS,209.654,-10.836,2000,MAIN3.6,SPLUS-n09s44,1,,,
SPLUS,196.617,-12.184,2000,MAIN3.6,SPLUS-n10s34,1,,,slightly bad class_star
SPLUS,198.000,-12.184,2000,MAIN3.6,SPLUS-n10s35,1,,,
SPLUS,199.383,-12.184,2000,MAIN3.6,SPLUS-n10s36,1,,,ATLAS_GALEX partially covered (388 reference stars); slightly bad class_star
SPLUS,200.771,-12.184,2000,MAIN3.6,SPLUS-n10s37,-1,,,
SPLUS,202.154,-12.184,2000,MAIN3.6,SPLUS-n10s38,-1,,,
SPLUS,203.538,-12.184,2000,MAIN3.6,SPLUS-n10s39,1,,,ATLAS_GALEX partially covered (330 reference stars)
SPLUS,204.925,-12.184,2000,MAIN3.6,SPLUS-n10s40,1,,,ATLAS_GALEX partially covered (474 reference stars)
SPLUS,206.308,-12.184,2000,MAIN3.6,SPLUS-n10s41,1,,,ATLAS_GALEX bright star?
SPLUS,207.692,-12.184,2000,MAIN3.6,SPLUS-n10s42,1,,,
SPLUS,209.075,-12.184,2000,MAIN3.6,SPLUS-n10s43,1,,,ATLAS_GALEX has diagonal lines
SPLUS,184.867,-13.531,2000,MAIN3.6,SPLUS-n11s26,1,,,large scatter for FWHM_n 
SPLUS,187.646,-13.531,2000,MAIN3.6,SPLUS-n11s28,1,,,ATLAS_GALEX very small coverage (139 reference stars) and has diagonal lines; large scatter for FWHM_n
SPLUS,189.033,-13.531,2000,MAIN3.6,SPLUS-n11s29,1,,,ATLAS_GALEX partially covered (741 reference stars); slightly bad class_star
SPLUS,190.425,-13.531,2000,MAIN3.6,SPLUS-n11s30,1,,,ATLAS_GALEX partially covered (420 reference stars); scatter for FWHM_n
SPLUS,194.596,-13.531,2000,MAIN3.6,SPLUS-n11s33,1,,,
SPLUS,195.983,-13.531,2000,MAIN3.6,SPLUS-n11s34,1,,,
SPLUS,197.375,-13.531,2000,MAIN3.6,SPLUS-n11s35,1,,,
SPLUS,200.154,-13.531,2000,MAIN3.6,SPLUS-n11s37,-1,,,
SPLUS,201.546,-13.531,2000,MAIN3.6,SPLUS-n11s38,1,,,ATLAS_GALEX partially covered (520 reference stars) and has horizontal lines; large scatter for FWHM_n
SPLUS,202.933,-13.531,2000,MAIN3.6,SPLUS-n11s39,1,,,ATLAS_GALEX partially covered (319 reference stars) 
SPLUS,204.325,-13.531,2000,MAIN3.6,SPLUS-n11s40,1,,,"ATLAS_GALEX partially covered, half of CCD (326 reference stars)"
SPLUS,205.713,-13.531,2000,MAIN3.6,SPLUS-n11s41,1,,,
SPLUS,207.104,-13.531,2000,MAIN3.6,SPLUS-n11s42,1,,,slightly bad class_star
SPLUS,208.496,-13.531,2000,MAIN3.6,SPLUS-n11s43,1,,,
SPLUS,209.883,-13.531,2000,MAIN3.6,SPLUS-n11s44,1,,,
SPLUS,182.100,-14.876,2000,MAIN3.6,SPLUS-n12s23,1,,,
SPLUS,183.500,-14.876,2000,MAIN3.6,SPLUS-n12s24,1,,,ATLAS_GALEX partially covered (709 reference stars) and has diagonal lines; slightly bad class_star
SPLUS,184.904,-14.876,2000,MAIN3.6,SPLUS-n12s25,1,,,ATLAS_GALEX partially covered (774 reference stars); large scatter for FWHM_n
SPLUS,186.304,-14.876,2000,MAIN3.6,SPLUS-n12s26,1,,,ATLAS_GALEX partially covered (390 reference stars); large scatter for FWHM_n
SPLUS,187.704,-14.876,2000,MAIN3.6,SPLUS-n12s27,1,,,ATLAS_GALEX very small coverage (67 reference stars) and has diagonal lines
SPLUS,189.104,-14.876,2000,MAIN3.6,SPLUS-n12s28,1,,,ATLAS_GALEX partially covered (844 reference stars); large scatter for r_auto-r_aper
SPLUS,190.504,-14.876,2000,MAIN3.6,SPLUS-n12s29,1,,,large scatter for FWHM_n 
SPLUS,191.908,-14.876,2000,MAIN3.6,SPLUS-n12s30,1,,,
SPLUS,193.308,-14.876,2000,MAIN3.6,SPLUS-n12s31,1,,,ATLAS_GALEX partially covered (833 reference stars) 
SPLUS,194.708,-14.876,2000,MAIN3.6,SPLUS-n12s32,1,,,ATLAS_GALEX partially covered (829 reference stars); slightly bad class_star
SPLUS,196.108,-14.876,2000,MAIN3.6,SPLUS-n12s33,1,,,
SPLUS,197.508,-14.876,2000,MAIN3.6,SPLUS-n12s34,1,,,ATLAS_GALEX partially covered (882 reference stars) and has diagonal lines
SPLUS,198.913,-14.876,2000,MAIN3.6,SPLUS-n12s35,1,,,
SPLUS,200.313,-14.876,2000,MAIN3.6,SPLUS-n12s36,1,,,
SPLUS,201.713,-14.876,2000,MAIN3.6,SPLUS-n12s37,1,,,large scatter for FWHM_n 
SPLUS,203.113,-14.876,2000,MAIN3.6,SPLUS-n12s38,1,,,large scatter for FWHM_n 
SPLUS,204.513,-14.876,2000,MAIN3.6,SPLUS-n12s39,1,,,
SPLUS,205.913,-14.876,2000,MAIN3.6,SPLUS-n12s40,1,,,ATLAS_GALEX partially covered (651 reference stars) 
SPLUS,207.317,-14.876,2000,MAIN3.6,SPLUS-n12s41,1,,,ATLAS_GALEX partially covered (754 reference stars) 
SPLUS,208.717,-14.876,2000,MAIN3.6,SPLUS-n12s42,1,,,
SPLUS,150.000,-5.429,2000,MAIN3.5,SPLUS-n05s01,1,,,slightly bad class_star
SPLUS,151.363,-5.429,2000,MAIN3.5,SPLUS-n05s02,1,,,slightly bad class_star
SPLUS,152.729,-5.429,2000,MAIN3.5,SPLUS-n05s03,1,,,slightly bad class_star
SPLUS,150.000,-6.783,2000,MAIN3.5,SPLUS-n06s01,1,,,
SPLUS,151.363,-6.783,2000,MAIN3.5,SPLUS-n06s02,1,,,ATLAS_GALEX partially covered (1032 reference stars)
SPLUS,152.729,-6.783,2000,MAIN3.5,SPLUS-n06s03,1,,,"ATLAS_GALEX partially covered, half of CCD (411 reference stars)"
SPLUS,150.571,-8.135,2000,MAIN3.5,SPLUS-n07s01,1,,,large scatter for r_auto-r_aper
SPLUS,151.938,-8.135,2000,MAIN3.5,SPLUS-n07s02,1,,,"ATLAS_GALEX partially covered, half of CCD (484 reference stars)"
SPLUS,153.308,-8.135,2000,MAIN3.5,SPLUS-n07s03,1,,,"ATLAS_GALEX partially covered, half of CCD (473 reference stars); bad class_stars"
SPLUS,151.146,-9.486,2000,MAIN3.5,SPLUS-n08s01,1,,,ATLAS_GALEX partially covered (643 reference stars)
SPLUS,152.521,-9.486,2000,MAIN3.5,SPLUS-n08s02,1,,,ATLAS_GALEX partially covered (570 reference stars)
SPLUS,153.892,-9.486,2000,MAIN3.5,SPLUS-n08s03,1,,,ATLAS_GALEX partially covered (918 reference stars); large scatter for r_auto-r_aper
SPLUS,150.346,-10.836,2000,MAIN3.5,SPLUS-n09s01,1,,,
SPLUS,150.925,-12.184,2000,MAIN3.5,SPLUS-n10s01,1,,,ATLAS_GALEX partially covered (583 reference stars); large scatter for r_auto-r_aper
SPLUS,150.117,-13.531,2000,MAIN3.5,SPLUS-n11s01,1,,,ATLAS_GALEX partially covered (986 reference stars)
SPLUS,151.504,-13.531,2000,MAIN3.5,SPLUS-n11s02,1,,,"ATLAS_GALEX small coverage, less than half (471 reference stars)"
SPLUS,152.896,-13.531,2000,MAIN3.5,SPLUS-n11s03,1,,,ATLAS_GALEX partially covered (672 reference stars)
SPLUS,151.283,-14.876,2000,MAIN3.5,SPLUS-n12s01,1,,,ATLAS_GALEX partially covered (823 reference stars)
SPLUS,152.683,-14.876,2000,MAIN3.5,SPLUS-n12s02,1,,,ATLAS_GALEX partially covered (793 reference stars); large scatter for r_auto-r_aper
SPLUS,156.888,-14.876,2000,MAIN3.5,SPLUS-n12s05,1,,,
SPLUS,150.471,-16.220,2000,MAIN3.5,SPLUS-n13s01,1,,,large scatter for r_auto-r_aper
SPLUS,151.875,-16.220,2000,MAIN3.5,SPLUS-n13s02,1,,,ATLAS_GALEX partially covered (791 reference stars); large scatter for r_auto-r_aper
SPLUS,153.283,-16.220,2000,MAIN3.5,SPLUS-n13s03,1,,,ATLAS_GALEX partially covered (1211 reference stars); large scatter for r_auto-r_aper
SPLUS,154.688,-16.220,2000,MAIN3.5,SPLUS-n13s04,1,,,
SPLUS,156.096,-16.220,2000,MAIN3.5,SPLUS-n13s05,1,,,ATLAS_GALEX has strange structure
SPLUS,157.500,-16.220,2000,MAIN3.5,SPLUS-n13s06,1,,,
SPLUS,158.908,-16.220,2000,MAIN3.5,SPLUS-n13s07,1,,,
SPLUS,150.238,-17.562,2000,MAIN3.5,SPLUS-n14s01,1,,,ATLAS_GALEX partially covered (1390 reference stars)
SPLUS,151.654,-17.562,2000,MAIN3.5,SPLUS-n14s02,1,,,ATLAS_GALEX partially covered (735 reference stars); slightly bad class_star
SPLUS,153.071,-17.562,2000,MAIN3.5,SPLUS-n14s03,1,,,
SPLUS,154.488,-17.562,2000,MAIN3.5,SPLUS-n14s04,1,,,ATLAS_GALEX partially covered (1047 reference stars); large scatter for r_auto-r_aper
SPLUS,155.904,-17.562,2000,MAIN3.5,SPLUS-n14s05,1,,,"ATLAS_GALEX partially covered, half of CCD (599 reference stars)"
SPLUS,157.321,-17.562,2000,MAIN3.5,SPLUS-n14s06,1,,,slightly bad class_star
SPLUS,158.742,-17.562,2000,MAIN3.5,SPLUS-n14s07,1,,,slightly bad class_star
SPLUS,160.158,-17.562,2000,MAIN3.5,SPLUS-n14s08,1,,,ATLAS_GALEX partially covered (1259 reference stars)
SPLUS,161.575,-17.562,2000,MAIN3.5,SPLUS-n14s09,1,,,ATLAS_GALEX very small coverage (224 reference stars)
SPLUS,162.992,-17.562,2000,MAIN3.5,SPLUS-n14s10,1,,,ATLAS_GALEX partially covered (1322 reference stars); large scatter for r_auto-r_aper
SPLUS,165.825,-17.562,2000,MAIN3.5,SPLUS-n14s12,1,,,
SPLUS,168.663,-17.562,2000,MAIN3.5,SPLUS-n14s14,1,,,ATLAS_GALEX partially covered (900 reference stars); slightly bad class_star
SPLUS,170.079,-17.562,2000,MAIN3.5,SPLUS-n14s15,1,,,ATLAS_GALEX partially covered (1084 reference stars); slightly bad class_star
SPLUS,175.750,-17.562,2000,MAIN3.5,SPLUS-n14s19,1,,,
SPLUS,180.000,-17.562,2000,MAIN3.5,SPLUS-n14s22,-1,,,
SPLUS,150.000,-18.903,2000,MAIN3.5,SPLUS-n15s01,1,,,ATLAS_GALEX partially covered (1573 reference stars)
SPLUS,151.429,-18.903,2000,MAIN3.5,SPLUS-n15s02,1,,,"ATLAS_GALEX small coverage, less than half (595 reference stars); large scatter for r_auto-r_aper"
SPLUS,152.858,-18.903,2000,MAIN3.5,SPLUS-n15s03,1,,,ATLAS_GALEX partially covered (1136 reference stars)
SPLUS,154.288,-18.903,2000,MAIN3.5,SPLUS-n15s04,1,,,ATLAS_GALEX partially covered (1318 reference stars); slightly bad class_star
SPLUS,155.713,-18.903,2000,MAIN3.5,SPLUS-n15s05,1,,,"ATLAS_GALEX partially covered, half of CCD (1079 reference stars)"
SPLUS,157.142,-18.903,2000,MAIN3.5,SPLUS-n15s06,1,,,
SPLUS,158.571,-18.903,2000,MAIN3.5,SPLUS-n15s07,1,,,
SPLUS,160.000,-18.903,2000,MAIN3.5,SPLUS-n15s08,1,,,large scatter for r_auto-r_aper
SPLUS,161.429,-18.903,2000,MAIN3.5,SPLUS-n15s09,1,,,
SPLUS,162.858,-18.903,2000,MAIN3.5,SPLUS-n15s10,1,,,
SPLUS,164.288,-18.903,2000,MAIN3.5,SPLUS-n15s11,1,,,ATLAS_GALEX has strange structure
SPLUS,165.713,-18.903,2000,MAIN3.5,SPLUS-n15s12,1,,,ATLAS_GALEX has strange structure; bad class_star; large scatter for r_auto-r_aper
SPLUS,167.142,-18.903,2000,MAIN3.5,SPLUS-n15s13,1,,,ATLAS_GALEX partially covered (990 reference stars)
SPLUS,168.571,-18.903,2000,MAIN3.5,SPLUS-n15s14,1,,,ATLAS_GALEX very small coverage (378 reference stars)
SPLUS,170.000,-18.903,2000,MAIN3.5,SPLUS-n15s15,1,,,ATLAS_GALEX partially covered (817 reference stars)
SPLUS,171.429,-18.903,2000,MAIN3.5,SPLUS-n15s16,1,,,"ATLAS_GALEX small coverage, less than half (401 reference stars)"
SPLUS,172.858,-18.903,2000,MAIN3.5,SPLUS-n15s17,1,,,ATLAS_GALEX partially covered (981 reference stars); slightly bad class_star
SPLUS,174.288,-18.903,2000,MAIN3.5,SPLUS-n15s18,1,,,
SPLUS,175.713,-18.903,2000,MAIN3.5,SPLUS-n15s19,1,,,slightly bad class_star
SPLUS,177.142,-18.903,2000,MAIN3.5,SPLUS-n15s20,1,,,slightly bad class_star
SPLUS,178.571,-18.903,2000,MAIN3.5,SPLUS-n15s21,1,,,
SPLUS,180.000,-18.903,2000,MAIN3.5,SPLUS-n15s22,-1,,,
SPLUS,151.200,-20.243,2000,MAIN3.5,SPLUS-n16s01,1,,,ATLAS_GALEX partially covered (1354 reference stars); bad class_star
SPLUS,152.642,-20.243,2000,MAIN3.5,SPLUS-n16s02,1,,,ATLAS_GALEX partially covered (1307 reference stars); bad class_star
SPLUS,154.079,-20.243,2000,MAIN3.5,SPLUS-n16s03,1,,,ATLAS_GALEX partially covered (1408 reference stars); bad class_star
SPLUS,155.521,-20.243,2000,MAIN3.5,SPLUS-n16s04,1,,,"ATLAS_GALEX small coverage, less than half (539 reference stars)"
SPLUS,156.958,-20.243,2000,MAIN3.5,SPLUS-n16s05,1,,,slightly bad class_star
SPLUS,158.400,-20.243,2000,MAIN3.5,SPLUS-n16s06,1,,,slightly bad class_star
SPLUS,159.842,-20.243,2000,MAIN3.5,SPLUS-n16s07,1,,,
SPLUS,161.279,-20.243,2000,MAIN3.5,SPLUS-n16s08,1,,,
SPLUS,162.721,-20.243,2000,MAIN3.5,SPLUS-n16s09,1,,,
SPLUS,164.158,-20.243,2000,MAIN3.5,SPLUS-n16s10,1,,,
SPLUS,165.600,-20.243,2000,MAIN3.5,SPLUS-n16s11,1,,,slightly bad class_star
SPLUS,167.042,-20.243,2000,MAIN3.5,SPLUS-n16s12,1,,,slightly bad class_star
SPLUS,168.479,-20.243,2000,MAIN3.5,SPLUS-n16s13,1,,,scatter for FWHM_n 
SPLUS,169.921,-20.243,2000,MAIN3.5,SPLUS-n16s14,1,,,ATLAS_GALEX partially covered (729 reference stars)
SPLUS,171.358,-20.243,2000,MAIN3.5,SPLUS-n16s15,1,,,ATLAS_GALEX partially covered (548 reference stars); bad class_star
SPLUS,172.800,-20.243,2000,MAIN3.5,SPLUS-n16s16,1,,,ATLAS_GALEX very small coverage (260 reference stars)
SPLUS,174.242,-20.243,2000,MAIN3.5,SPLUS-n16s17,1,,,
SPLUS,175.679,-20.243,2000,MAIN3.5,SPLUS-n16s18,1,,,
SPLUS,177.121,-20.243,2000,MAIN3.5,SPLUS-n16s19,1,,,slightly bad class_star
SPLUS,178.558,-20.243,2000,MAIN3.5,SPLUS-n16s20,1,,,
SPLUS,180.000,-20.243,2000,MAIN3.5,SPLUS-n16s21,-1,,,
SPLUS,150.967,-21.581,2000,MAIN3.5,SPLUS-n17s01,1,,,large scatter for r_auto-r_aper
SPLUS,152.421,-21.581,2000,MAIN3.5,SPLUS-n17s02,1,,,
SPLUS,153.871,-21.581,2000,MAIN3.5,SPLUS-n17s03,1,,,
SPLUS,155.321,-21.581,2000,MAIN3.5,SPLUS-n17s04,1,,,very bad class_star
SPLUS,156.775,-21.581,2000,MAIN3.5,SPLUS-n17s05,1,,,
SPLUS,158.225,-21.581,2000,MAIN3.5,SPLUS-n17s06,1,,,ATLAS_GALEX partially covered (1165 reference stars); slightly bad class_star
SPLUS,159.679,-21.581,2000,MAIN3.5,SPLUS-n17s07,1,,,ATLAS_GALEX partially covered (1274 reference stars); slightly bad class_star
SPLUS,161.129,-21.581,2000,MAIN3.5,SPLUS-n17s08,1,,,
SPLUS,162.579,-21.581,2000,MAIN3.5,SPLUS-n17s09,1,,,ATLAS_GALEX brighter star?
SPLUS,164.033,-21.581,2000,MAIN3.5,SPLUS-n17s10,1,,,
SPLUS,165.483,-21.581,2000,MAIN3.5,SPLUS-n17s11,1,,,large scatter for r_auto-r_aper
SPLUS,166.938,-21.581,2000,MAIN3.5,SPLUS-n17s12,1,,,ATLAS_GALEX partially covered (1155 reference stars)
SPLUS,168.388,-21.581,2000,MAIN3.5,SPLUS-n17s13,1,,,ATLAS_GALEX partially covered (1169 reference stars)
SPLUS,169.838,-21.581,2000,MAIN3.5,SPLUS-n17s14,1,,,"ATLAS_GALEX partially covered, half of CCD (864 reference stars); slightly bad class_stars"
SPLUS,171.292,-21.581,2000,MAIN3.5,SPLUS-n17s15,-1,,,
SPLUS,172.742,-21.581,2000,MAIN3.5,SPLUS-n17s16,1,,,ATLAS_GALEX partially covered (644 reference stars); slightly bad class_star
SPLUS,174.192,-21.581,2000,MAIN3.5,SPLUS-n17s17,1,,,slightly bad class_star
SPLUS,175.646,-21.581,2000,MAIN3.5,SPLUS-n17s18,1,,,slightly bad class_star
SPLUS,177.096,-21.581,2000,MAIN3.5,SPLUS-n17s19,1,,,
SPLUS,178.550,-21.581,2000,MAIN3.5,SPLUS-n17s20,1,,,ATLAS_GALEX partially covered (953 reference stars); slightly bad class_star
SPLUS,180.000,-21.581,2000,MAIN3.5,SPLUS-n17s21,-1,,,
SPLUS,163.904,-22.917,2000,MAIN3.5,SPLUS-n18s10,1,,,
SPLUS,165.367,-22.917,2000,MAIN3.5,SPLUS-n18s11,1,,,very large scatter for r_auto-r_aper
SPLUS,166.829,-22.917,2000,MAIN3.5,SPLUS-n18s12,1,,,"ATLAS_GALEX partially covered, half of CCD (711 reference stars)"
SPLUS,168.292,-22.917,2000,MAIN3.5,SPLUS-n18s13,1,,,ATLAS_GALEX partially covered (671 reference stars)
SPLUS,169.754,-22.917,2000,MAIN3.5,SPLUS-n18s14,1,,,ATLAS_GALEX partially covered (914 reference stars); slightly bad class_star
SPLUS,171.221,-22.917,2000,MAIN3.5,SPLUS-n18s15,1,,,ATLAS_GALEX partially covered (794 reference stars)
SPLUS,172.683,-22.917,2000,MAIN3.5,SPLUS-n18s16,1,,,
SPLUS,174.146,-22.917,2000,MAIN3.5,SPLUS-n18s17,1,,,
SPLUS,175.608,-22.917,2000,MAIN3.5,SPLUS-n18s18,1,,,ATLAS_GALEX has a vertical line at the middle and other one at the left border
SPLUS,177.075,-22.917,2000,MAIN3.5,SPLUS-n18s19,1,,,slightly bad class_star
SPLUS,178.538,-22.917,2000,MAIN3.5,SPLUS-n18s20,1,,,ATLAS_GALEX partially covered (1092 reference stars)
SPLUS,180.000,-22.917,2000,MAIN3.5,SPLUS-n18s21,-1,,,
SPLUS,165.000,-24.254,2000,MAIN3.5,SPLUS-n19s01,1,,,slightly bad class_star
SPLUS,167.950,-24.254,2000,MAIN3.5,SPLUS-n19s03,1,,,slightly bad class_star
SPLUS,169.425,-24.254,2000,MAIN3.5,SPLUS-n19s04,1,,,
SPLUS,170.900,-24.254,2000,MAIN3.5,SPLUS-n19s05,1,,,large scatter for FWHM_n 
SPLUS,172.375,-24.254,2000,MAIN3.5,SPLUS-n19s06,1,,,ATLAS_GALEX small coverage (512 reference stars); scatter for FWHM_n 
SPLUS,173.850,-24.254,2000,MAIN3.5,SPLUS-n19s07,1,,,
SPLUS,324.679,-1.359,2000,MAIN3.4,SPLUS-s02s01,1,1,,SDSS less than half covered
SPLUS,326.038,-1.359,2000,MAIN3.4,SPLUS-s02s02,1,1,,SDSS less than half covered
SPLUS,327.396,-1.359,2000,MAIN3.4,SPLUS-s02s03,-1,1,,SDSS less than half covered
SPLUS,328.754,-1.359,2000,MAIN3.4,SPLUS-s02s04,1,1,,large scatter in r_auto-r_aper; SDSS less than half covered
SPLUS,330.113,-1.359,2000,MAIN3.4,SPLUS-s02s05,1,1,,SDSS less than half covered
SPLUS,331.471,-1.359,2000,MAIN3.4,SPLUS-s02s06,1,1,,ATLAS_GALEX partially covered (970 reference stars); SDSS less than half covered
SPLUS,332.829,-1.359,2000,MAIN3.4,SPLUS-s02s07,1,1,,large scatter in r_auto-r_aper; SDSS less than half covered
SPLUS,334.188,-1.359,2000,MAIN3.4,SPLUS-s02s08,1,1,,"ATLAS_GALEX partially covered, half of CCD (992 reference stars); SDSS less than half covered"
SPLUS,335.546,-1.359,2000,MAIN3.4,SPLUS-s02s09,1,1,, ATLAS_GALEX small coverage (368 reference stars); SDSS less than half covered
SPLUS,336.904,-1.359,2000,MAIN3.4,SPLUS-s02s10,1,1,,SDSS less than half covered
SPLUS,338.263,-1.359,2000,MAIN3.4,SPLUS-s02s11,1,1,,SDSS less than half covered
SPLUS,339.621,-1.359,2000,MAIN3.4,SPLUS-s02s12,1,1,,SDSS less than half covered
SPLUS,340.979,-1.359,2000,MAIN3.4,SPLUS-s02s13,1,1,,SDSS less than half covered
SPLUS,343.700,-1.359,2000,MAIN3.4,SPLUS-s02s15,1,1,,SDSS less than half covered
SPLUS,345.058,-1.359,2000,MAIN3.4,SPLUS-s02s16,1,1,,SDSS less than half covered
SPLUS,349.133,-1.359,2000,MAIN3.4,SPLUS-s02s19,1,1,,SDSS less than half covered
SPLUS,350.492,-1.359,2000,MAIN3.4,SPLUS-s02s20,1,1,,SDSS less than half covered
SPLUS,351.850,-1.359,2000,MAIN3.4,SPLUS-s02s21,1,1,,large scatter in r_auto-r_aper; SDSS less than half covered
SPLUS,353.208,-1.359,2000,MAIN3.4,SPLUS-s02s22,1,1,,SDSS less than half covered
SPLUS,354.567,-1.359,2000,MAIN3.4,SPLUS-s02s23,1,1,,SDSS less than half covered
SPLUS,355.925,-1.359,2000,MAIN3.4,SPLUS-s02s24,1,1,,SDSS less than half covered
SPLUS,357.283,-1.359,2000,MAIN3.4,SPLUS-s02s25,1,1,,SDSS less than half covered
SPLUS,358.642,-1.359,2000,MAIN3.4,SPLUS-s02s26,1,1,,SDSS less than half covered
SPLUS,324.679,-2.717,2000,MAIN3.4,SPLUS-s03s01,1,-1,,
SPLUS,327.396,-2.717,2000,MAIN3.4,SPLUS-s03s03,1,-1,,
SPLUS,328.754,-2.717,2000,MAIN3.4,SPLUS-s03s04,1,-1,,ATLAS_GALEX partially covered (1288 reference stars);
SPLUS,330.113,-2.717,2000,MAIN3.4,SPLUS-s03s05,1,-1,,"ATLAS_GALEX partially covered, half of CCD (768 reference stars);"
SPLUS,315.000,-21.581,2000,MAIN3.3,SPLUS-s17s22,1,,,
SPLUS,316.450,-21.581,2000,MAIN3.3,SPLUS-s17s23,1,,,bad class_star; ATLAS_GALEX partially covered (774 reference stars); 
SPLUS,316.096,-22.917,2000,MAIN3.3,SPLUS-s18s22,1,,,slightly bad class_star
SPLUS,317.563,-22.917,2000,MAIN3.3,SPLUS-s18s23,1,,,
SPLUS,315.554,-24.252,2000,MAIN3.3,SPLUS-s19s22,1,,,large scatter for r_auto-r_aper; ATLAS_GALEX partially covered (1528 reference stars); 
SPLUS,317.038,-24.252,2000,MAIN3.3,SPLUS-s19s23,1,,, ATLAS_GALEX small coverage (436 reference stars); 
SPLUS,318.517,-24.252,2000,MAIN3.3,SPLUS-s19s24,1,,,large scatter for r_auto-r_aper
SPLUS,315.188,-25.585,2000,MAIN3.3,SPLUS-s20s22,1,,,
SPLUS,316.679,-25.585,2000,MAIN3.3,SPLUS-s20s23,1,,,large scatter for r_auto-r_aper
SPLUS,318.175,-25.585,2000,MAIN3.3,SPLUS-s20s24,1,,,
SPLUS,319.667,-25.585,2000,MAIN3.3,SPLUS-s20s25,1,,,ATLAS_GALEX partially covered (1124 reference stars);
SPLUS,316.133,-26.917,2000,MAIN3.3,SPLUS-s21s21,1,,,"ATLAS_GALEX partially covered, half of CCD (916 reference stars);"
SPLUS,317.646,-26.917,2000,MAIN3.3,SPLUS-s21s22,1,,,
SPLUS,319.158,-26.917,2000,MAIN3.3,SPLUS-s21s23,1,,,
SPLUS,320.671,-26.917,2000,MAIN3.3,SPLUS-s21s24,1,,,ATLAS_GALEX partially covered (998 reference stars);
SPLUS,315.575,-28.247,2000,MAIN3.3,SPLUS-s22s21,1,,,ATLAS_GALEX partially covered (1357 reference stars);
SPLUS,320.171,-28.247,2000,MAIN3.3,SPLUS-s22s24,1,,,
SPLUS,315.000,-29.576,2000,MAIN3.3,SPLUS-s23s21,1,,,
SPLUS,316.550,-29.576,2000,MAIN3.3,SPLUS-s23s22,1,,,slightly bad class_star
SPLUS,318.104,-29.576,2000,MAIN3.3,SPLUS-s23s23,1,,,
SPLUS,321.208,-29.576,2000,MAIN3.3,SPLUS-s23s25,1,,,
SPLUS,322.758,-29.576,2000,MAIN3.3,SPLUS-s23s26,1,,,"ATLAS_GALEX partially covered, half of CCD (880 reference stars);"
SPLUS,324.308,-29.576,2000,MAIN3.3,SPLUS-s23s27,1,,,ATLAS_GALEX partially covered (841 reference stars);
SPLUS,325.863,-29.576,2000,MAIN3.3,SPLUS-s23s28,1,,,
SPLUS,315.983,-30.902,2000,MAIN3.3,SPLUS-s24s49,1,,,
SPLUS,317.554,-30.902,2000,MAIN3.3,SPLUS-s24s50,1,,,
SPLUS,319.125,-30.902,2000,MAIN3.3,SPLUS-s24s51,1,,,slightly bad class_star
SPLUS,320.700,-30.902,2000,MAIN3.3,SPLUS-s24s52,1,,,slightly bad class_star
SPLUS,322.271,-30.902,2000,MAIN3.3,SPLUS-s24s53,1,,,
SPLUS,323.842,-30.902,2000,MAIN3.3,SPLUS-s24s54,1,,,
SPLUS,325.417,-30.902,2000,MAIN3.3,SPLUS-s24s55,1,,,slightly bad class_star
SPLUS,315.400,-32.227,2000,MAIN3.3,SPLUS-s25s49,1,,,
SPLUS,316.992,-32.227,2000,MAIN3.3,SPLUS-s25s50,1,,,
SPLUS,318.583,-32.227,2000,MAIN3.3,SPLUS-s25s51,1,,, ATLAS_GALEX small coverage (417 reference stars); 
SPLUS,320.175,-32.227,2000,MAIN3.3,SPLUS-s25s52,1,,,ATLAS_GALEX partially covered (600 reference stars);
SPLUS,316.413,-33.550,2000,MAIN3.3,SPLUS-s26s48,1,,,
SPLUS,318.025,-33.550,2000,MAIN3.3,SPLUS-s26s49,1,,,class_star extremely bad
SPLUS,319.642,-33.550,2000,MAIN3.3,SPLUS-s26s50,1,,,
SPLUS,321.254,-33.550,2000,MAIN3.3,SPLUS-s26s51,1,,,
SPLUS,315.617,-34.872,2000,MAIN3.3,SPLUS-s27s47,1,,,ATLAS_GALEX partially covered (827 reference stars);
SPLUS,317.258,-34.872,2000,MAIN3.3,SPLUS-s27s48,1,,,
SPLUS,318.904,-34.872,2000,MAIN3.3,SPLUS-s27s49,1,,,
SPLUS,315.000,-36.191,2000,MAIN3.3,SPLUS-s28s47,1,,,slightly bad class_star
SPLUS,316.667,-36.191,2000,MAIN3.3,SPLUS-s28s48,1,,,ATLAS_GALEX partially covered (1066 reference stars);
SPLUS,318.333,-36.191,2000,MAIN3.3,SPLUS-s28s49,1,,,large scatter for r_auto-r_aper
SPLUS,315.850,-37.509,2000,MAIN3.3,SPLUS-s29s46,1,,,
SPLUS,317.546,-37.509,2000,MAIN3.3,SPLUS-s29s47,1,,,large scatter for r_auto-r_aper; ATLAS_GALEX partially covered (751 reference stars); 
SPLUS,319.246,-37.509,2000,MAIN3.3,SPLUS-s29s48,1,,,
SPLUS,315.217,-38.824,2000,MAIN3.3,SPLUS-s30s45,1,,,slightly bad class_star
SPLUS,318.658,-38.824,2000,MAIN3.3,SPLUS-s30s47,1,,,
SPLUS,316.096,-40.138,2000,MAIN3.3,SPLUS-s31s44,1,,,ATLAS_GALEX partially covered (1172 reference stars);
SPLUS,317.854,-40.138,2000,MAIN3.3,SPLUS-s31s45,1,,,ATLAS_GALEX small coverage (376 reference stars); 
SPLUS,315.225,-41.449,2000,MAIN3.3,SPLUS-s32s43,1,,,ATLAS_GALEX partially covered (882 reference stars);
SPLUS,317.017,-41.449,2000,MAIN3.3,SPLUS-s32s44,1,,,
SPLUS,318.804,-41.449,2000,MAIN3.3,SPLUS-s32s45,1,,,
SPLUS,316.142,-42.758,2000,MAIN3.3,SPLUS-s33s43,1,,,
SPLUS,317.971,-42.758,2000,MAIN3.3,SPLUS-s33s44,1,,,ATLAS_GALEX partially covered (1056 reference stars);
SPLUS,315.233,-44.065,2000,MAIN3.3,SPLUS-s34s42,1,,,
SPLUS,317.100,-44.065,2000,MAIN3.3,SPLUS-s34s43,1,,,ATLAS_GALEX partially covered (829 reference stars);
SPLUS,316.192,-45.370,2000,MAIN3.3,SPLUS-s35s41,1,,,
SPLUS,315.000,-46.672,2000,MAIN3.3,SPLUS-s36s40,1,,,
SPLUS,316.958,-46.672,2000,MAIN3.3,SPLUS-s36s41,1,,,"ATLAS_GALEX partially covered, half of CCD (709 reference stars); There seems to be a lot of detection artifacts"
SPLUS,316.000,-47.971,2000,MAIN3.3,SPLUS-s37s39,1,,,
SPLUS,315.788,-50.563,2000,MAIN3.3,SPLUS-s39s37,1,,,ATLAS_GALEX partially covered (1136 reference stars);
SPLUS,331.850,-24.252,2000,MAIN3.2,SPLUS-s19s33,1,,,bad class_star
SPLUS,333.333,-24.252,2000,MAIN3.2,SPLUS-s19s34,1,,,
SPLUS,330.125,-25.585,2000,MAIN3.2,SPLUS-s20s32,1,,,extremely bad class_star
SPLUS,331.617,-25.585,2000,MAIN3.2,SPLUS-s20s33,1,,,bad class_star
SPLUS,333.113,-25.585,2000,MAIN3.2,SPLUS-s20s34,1,,,
SPLUS,334.604,-25.585,2000,MAIN3.2,SPLUS-s20s35,1,,,
SPLUS,339.088,-25.585,2000,MAIN3.2,SPLUS-s20s38,1,,,
SPLUS,13.613,-26.917,2000,MAIN3.2,SPLUS-s21s10,1,,,
SPLUS,331.263,-26.917,2000,MAIN3.2,SPLUS-s21s31,1,,,
SPLUS,332.775,-26.917,2000,MAIN3.2,SPLUS-s21s32,1,,,
SPLUS,334.288,-26.917,2000,MAIN3.2,SPLUS-s21s33,1,,,bad class_star
SPLUS,21.446,-28.247,2000,MAIN3.2,SPLUS-s22s15,1,,,
SPLUS,24.513,-28.247,2000,MAIN3.2,SPLUS-s22s17,1,,,
SPLUS,27.575,-28.247,2000,MAIN3.2,SPLUS-s22s19,1,,,
SPLUS,29.108,-28.247,2000,MAIN3.2,SPLUS-s22s20,1,,,
SPLUS,332.425,-28.247,2000,MAIN3.2,SPLUS-s22s32,1,,,
SPLUS,333.958,-28.247,2000,MAIN3.2,SPLUS-s22s33,1,,,
SPLUS,335.488,-28.247,2000,MAIN3.2,SPLUS-s22s34,1,,,
SPLUS,0.017,-29.576,2000,MAIN3.2,SPLUS-s23s01,1,,,larger scatter for r_auto-r_aper
SPLUS,1.550,-29.576,2000,MAIN3.2,SPLUS-s23s02,1,,,
SPLUS,3.104,-29.576,2000,MAIN3.2,SPLUS-s23s03,1,,,bad class_star
SPLUS,6.208,-29.576,2000,MAIN3.2,SPLUS-s23s05,1,,,slightly larger scatter for r_auto-r_aper
SPLUS,7.758,-29.576,2000,MAIN3.2,SPLUS-s23s06,1,,,
SPLUS,10.863,-29.576,2000,MAIN3.2,SPLUS-s23s08,1,,,
SPLUS,12.413,-29.576,2000,MAIN3.2,SPLUS-s23s09,1,,,
SPLUS,13.967,-29.576,2000,MAIN3.2,SPLUS-s23s10,1,,,Very small number of ATLAS_GALES stars (53)
SPLUS,15.517,-29.576,2000,MAIN3.2,SPLUS-s23s11,1,,,Very small number of ATLAS_GALES stars (85)
SPLUS,17.071,-29.576,2000,MAIN3.2,SPLUS-s23s12,1,,,
SPLUS,18.621,-29.576,2000,MAIN3.2,SPLUS-s23s13,1,,,
SPLUS,20.171,-29.576,2000,MAIN3.2,SPLUS-s23s14,1,,,class_star is not like other fields
SPLUS,21.725,-29.576,2000,MAIN3.2,SPLUS-s23s15,1,,,
SPLUS,23.275,-29.576,2000,MAIN3.2,SPLUS-s23s16,1,,,
SPLUS,24.829,-29.576,2000,MAIN3.2,SPLUS-s23s17,1,,,
SPLUS,26.379,-29.576,2000,MAIN3.2,SPLUS-s23s18,1,,,
SPLUS,27.929,-29.576,2000,MAIN3.2,SPLUS-s23s19,1,,,
SPLUS,29.483,-29.576,2000,MAIN3.2,SPLUS-s23s20,1,,,
SPLUS,332.071,-29.576,2000,MAIN3.2,SPLUS-s23s32,1,,,class_star slightly bad
SPLUS,333.621,-29.576,2000,MAIN3.2,SPLUS-s23s33,1,,,
SPLUS,335.171,-29.576,2000,MAIN3.2,SPLUS-s23s34,1,,,
SPLUS,336.725,-29.576,2000,MAIN3.2,SPLUS-s23s35,1,,,
SPLUS,338.275,-29.576,2000,MAIN3.2,SPLUS-s23s36,1,,,
SPLUS,341.379,-29.576,2000,MAIN3.2,SPLUS-s23s38,1,,,
SPLUS,342.929,-29.576,2000,MAIN3.2,SPLUS-s23s39,1,,,Atlas_Galex with limited coverage (466 reference stars)
SPLUS,346.033,-29.576,2000,MAIN3.2,SPLUS-s23s41,1,,,Atlas_Galex with limited coverage (467 reference stars)
SPLUS,347.588,-29.576,2000,MAIN3.2,SPLUS-s23s42,1,,,
SPLUS,352.242,-29.576,2000,MAIN3.2,SPLUS-s23s45,1,,,
SPLUS,353.792,-29.576,2000,MAIN3.2,SPLUS-s23s46,1,,,
SPLUS,355.346,-29.576,2000,MAIN3.2,SPLUS-s23s47,1,,,
SPLUS,356.896,-29.576,2000,MAIN3.2,SPLUS-s23s48,1,,,
SPLUS,1.571,-30.902,2000,MAIN3.2,SPLUS-s24s02,1,,,Atlas_Galex with limited coverage (371 reference stars)
SPLUS,3.146,-30.902,2000,MAIN3.2,SPLUS-s24s03,1,,,
SPLUS,4.717,-30.902,2000,MAIN3.2,SPLUS-s24s04,1,,,"Atlas_Galex with limited coverage, half of CCD (381 reference stars)"
SPLUS,6.288,-30.902,2000,MAIN3.2,SPLUS-s24s05,1,,,"Atlas_Galex with limited coverage, less than half of CCD (293 reference stars)"
SPLUS,9.433,-30.902,2000,MAIN3.2,SPLUS-s24s07,1,,,there is a vertical artificial detection line not in the border
SPLUS,12.575,-30.902,2000,MAIN3.2,SPLUS-s24s09,1,,,
SPLUS,14.150,-30.902,2000,MAIN3.2,SPLUS-s24s10,1,,,Atlas_Galex with limited coverage (455 reference stars)
SPLUS,15.721,-30.902,2000,MAIN3.2,SPLUS-s24s11,1,,,larger scatter for r_auto-r_aper; Atlas_Galex with limited coverage (402 reference stars)
SPLUS,17.292,-30.902,2000,MAIN3.2,SPLUS-s24s12,1,,,
SPLUS,18.867,-30.902,2000,MAIN3.2,SPLUS-s24s13,1,,,
SPLUS,20.438,-30.902,2000,MAIN3.2,SPLUS-s24s14,1,,,
SPLUS,22.008,-30.902,2000,MAIN3.2,SPLUS-s24s15,1,,,
SPLUS,25.154,-30.902,2000,MAIN3.2,SPLUS-s24s17,1,,,
SPLUS,26.725,-30.902,2000,MAIN3.2,SPLUS-s24s18,1,,,
SPLUS,29.871,-30.902,2000,MAIN3.2,SPLUS-s24s20,1,,,
SPLUS,33.013,-30.902,2000,MAIN3.2,SPLUS-s24s22,1,,,
SPLUS,34.583,-30.902,2000,MAIN3.2,SPLUS-s24s23,1,,,
SPLUS,37.729,-30.902,2000,MAIN3.2,SPLUS-s24s25,1,,,Atlas_Galex with limited coverage (407 reference stars)
SPLUS,328.558,-30.902,2000,MAIN3.2,SPLUS-s24s57,1,,,"larger scatter for r_auto-r_aper; Atlas_Galex with limited coverage, half of CCD (822 reference stars)"
SPLUS,331.704,-30.902,2000,MAIN3.2,SPLUS-s24s59,1,,,
SPLUS,334.846,-30.902,2000,MAIN3.2,SPLUS-s24s61,1,,,
SPLUS,336.421,-30.902,2000,MAIN3.2,SPLUS-s24s62,1,,,
SPLUS,337.992,-30.902,2000,MAIN3.2,SPLUS-s24s63,1,,,
SPLUS,339.563,-30.902,2000,MAIN3.2,SPLUS-s24s64,1,,,
SPLUS,341.133,-30.902,2000,MAIN3.2,SPLUS-s24s65,1,,,Curved detection artifact from left to top; larger scatter for r_auto-r_aper
SPLUS,342.708,-30.902,2000,MAIN3.2,SPLUS-s24s66,1,,,Atlas_Galex with limited coverage (681 reference stars)
SPLUS,344.279,-30.902,2000,MAIN3.2,SPLUS-s24s67,1,,,slightly bad class_star; very limite ATLAS_GALEX coverage (262 stars)
SPLUS,345.850,-30.902,2000,MAIN3.2,SPLUS-s24s68,1,,,Atlas_Galex with limited coverage (435 reference stars); larger scatter for r_auto-r_aper
SPLUS,347.425,-30.902,2000,MAIN3.2,SPLUS-s24s69,1,,,
SPLUS,348.996,-30.902,2000,MAIN3.2,SPLUS-s24s70,1,,,
SPLUS,350.567,-30.902,2000,MAIN3.2,SPLUS-s24s71,1,,,
SPLUS,352.142,-30.902,2000,MAIN3.2,SPLUS-s24s72,1,,,
SPLUS,353.713,-30.902,2000,MAIN3.2,SPLUS-s24s73,1,,,
SPLUS,9.558,-32.227,2000,MAIN3.2,SPLUS-s25s07,1,,,
SPLUS,11.150,-32.227,2000,MAIN3.2,SPLUS-s25s08,1,,,
SPLUS,12.742,-32.227,2000,MAIN3.2,SPLUS-s25s09,1,,,
SPLUS,14.338,-32.227,2000,MAIN3.2,SPLUS-s25s10,1,,,Atlas_Galex with limited coverage (370 reference stars); larger scatter for r_auto-r_aper
SPLUS,17.521,-32.227,2000,MAIN3.2,SPLUS-s25s12,1,,,
SPLUS,19.117,-32.227,2000,MAIN3.2,SPLUS-s25s13,1,,,
SPLUS,20.708,-32.227,2000,MAIN3.2,SPLUS-s25s14,1,,,
SPLUS,22.300,-32.227,2000,MAIN3.2,SPLUS-s25s15,1,,,
SPLUS,23.896,-32.227,2000,MAIN3.2,SPLUS-s25s16,1,,,slightly bad class_star
SPLUS,25.488,-32.227,2000,MAIN3.2,SPLUS-s25s17,1,,,
SPLUS,27.079,-32.227,2000,MAIN3.2,SPLUS-s25s18,1,,,
SPLUS,28.671,-32.227,2000,MAIN3.2,SPLUS-s25s19,1,,,
SPLUS,30.267,-32.227,2000,MAIN3.2,SPLUS-s25s20,1,,,
SPLUS,33.450,-32.227,2000,MAIN3.2,SPLUS-s25s22,1,,,
SPLUS,9.688,-33.550,2000,MAIN3.2,SPLUS-s26s07,1,,,
SPLUS,11.300,-33.550,2000,MAIN3.2,SPLUS-s26s08,1,,,weird class_star (no galaxies)
SPLUS,12.917,-33.550,2000,MAIN3.2,SPLUS-s26s09,1,,,
SPLUS,14.529,-33.550,2000,MAIN3.2,SPLUS-s26s10,1,,,
SPLUS,16.142,-33.550,2000,MAIN3.2,SPLUS-s26s11,1,,,
SPLUS,17.758,-33.550,2000,MAIN3.2,SPLUS-s26s12,1,,,
SPLUS,19.371,-33.550,2000,MAIN3.2,SPLUS-s26s13,1,,,
SPLUS,20.988,-33.550,2000,MAIN3.2,SPLUS-s26s14,1,,,
SPLUS,22.600,-33.550,2000,MAIN3.2,SPLUS-s26s15,1,,,bad class_star
SPLUS,24.217,-33.550,2000,MAIN3.2,SPLUS-s26s16,1,,,larger scatter for r_auto-r_aper
SPLUS,25.829,-33.550,2000,MAIN3.2,SPLUS-s26s17,1,,,Very weird detection artificial pattern with diagonal lines; slightly bad class_star
SPLUS,27.446,-33.550,2000,MAIN3.2,SPLUS-s26s18,1,,,
SPLUS,29.058,-33.550,2000,MAIN3.2,SPLUS-s26s19,1,,,
SPLUS,30.671,-33.550,2000,MAIN3.2,SPLUS-s26s20,1,,,
SPLUS,32.288,-33.550,2000,MAIN3.2,SPLUS-s26s21,1,,,
SPLUS,33.900,-33.550,2000,MAIN3.2,SPLUS-s26s22,1,,,bad class_star
SPLUS,35.517,-33.550,2000,MAIN3.2,SPLUS-s26s23,1,,,bad class_star
SPLUS,38.746,-33.550,2000,MAIN3.2,SPLUS-s26s25,1,,,
SPLUS,41.975,-33.550,2000,MAIN3.2,SPLUS-s26s27,1,,,
SPLUS,9.863,-34.872,2000,MAIN3.2,SPLUS-s27s07,1,,,
SPLUS,13.150,-34.872,2000,MAIN3.2,SPLUS-s27s09,1,,,
SPLUS,14.796,-34.872,2000,MAIN3.2,SPLUS-s27s10,1,,,
SPLUS,16.438,-34.872,2000,MAIN3.2,SPLUS-s27s11,1,,,
SPLUS,18.083,-34.872,2000,MAIN3.2,SPLUS-s27s12,1,,,larger scatter for r_auto-r_aper
SPLUS,19.725,-34.872,2000,MAIN3.2,SPLUS-s27s13,1,,,larger scatter for r_auto-r_aper
SPLUS,21.371,-34.872,2000,MAIN3.2,SPLUS-s27s14,1,,,
SPLUS,37.808,-34.872,2000,MAIN3.2,SPLUS-s27s24,1,,,Atlas_Galex with limited coverage (370 reference stars);
SPLUS,41.096,-34.872,2000,MAIN3.2,SPLUS-s27s26,1,,,
SPLUS,48.733,-30.902,2000,MAIN3.1,SPLUS-s24s32,1,,,ATLAS_GALEX small coverage (127 reference stars); large scatter for FWHM_n and r_auto-r_aper
SPLUS,50.304,-30.902,2000,MAIN3.1,SPLUS-s24s33,1,,,ATLAS_GALEX partially covered (428 reference stars); large scatter for FWHM_n and r_auto-r_aper
SPLUS,53.450,-30.902,2000,MAIN3.1,SPLUS-s24s35,1,,,
SPLUS,61.308,-30.902,2000,MAIN3.1,SPLUS-s24s40,1,,,bad class_star
SPLUS,62.883,-30.902,2000,MAIN3.1,SPLUS-s24s41,1,,,large scatter for FWHM_n and r_auto-r_aper
SPLUS,66.025,-30.902,2000,MAIN3.1,SPLUS-s24s43,1,,,
SPLUS,67.600,-30.902,2000,MAIN3.1,SPLUS-s24s44,1,,,
SPLUS,73.888,-30.902,2000,MAIN3.1,SPLUS-s24s48,1,,,large scatter for FWHM_n and r_auto-r_aper
SPLUS,46.196,-32.227,2000,MAIN3.1,SPLUS-s25s30,1,,,ATLAS_GALEX partially covered (457 reference stars)
SPLUS,47.788,-32.227,2000,MAIN3.1,SPLUS-s25s31,1,,,
SPLUS,49.379,-32.227,2000,MAIN3.1,SPLUS-s25s32,1,,,
SPLUS,50.975,-32.227,2000,MAIN3.1,SPLUS-s25s33,1,,,
SPLUS,54.158,-32.227,2000,MAIN3.1,SPLUS-s25s35,1,,,
SPLUS,68.496,-32.227,2000,MAIN3.1,SPLUS-s25s44,1,,,
SPLUS,70.088,-32.227,2000,MAIN3.1,SPLUS-s25s45,1,,,
SPLUS,73.275,-32.227,2000,MAIN3.1,SPLUS-s25s47,1,,,
SPLUS,74.867,-32.227,2000,MAIN3.1,SPLUS-s25s48,1,,,slightly larger scatter for FWHM_n and r_auto-r_aper
SPLUS,45.200,-33.550,2000,MAIN3.1,SPLUS-s26s29,1,,,
SPLUS,46.817,-33.550,2000,MAIN3.1,SPLUS-s26s30,1,,,
SPLUS,48.429,-33.550,2000,MAIN3.1,SPLUS-s26s31,1,,,
SPLUS,50.046,-33.550,2000,MAIN3.1,SPLUS-s26s32,1,,,bad class_star
SPLUS,51.658,-33.550,2000,MAIN3.1,SPLUS-s26s33,1,,,
SPLUS,53.275,-33.550,2000,MAIN3.1,SPLUS-s26s34,1,,,
SPLUS,54.888,-33.550,2000,MAIN3.1,SPLUS-s26s35,1,,,slightly bad class_star
SPLUS,56.504,-33.550,2000,MAIN3.1,SPLUS-s26s36,-1,,,
SPLUS,59.729,-33.550,2000,MAIN3.1,SPLUS-s26s38,1,,,
SPLUS,62.958,-33.550,2000,MAIN3.1,SPLUS-s26s40,1,,,ATLAS_GALEX small coverage (121 reference stars); large scatter for FWHM_n and r_auto-r_aper
SPLUS,64.575,-33.550,2000,MAIN3.1,SPLUS-s26s41,-1,,,
SPLUS,66.188,-33.550,2000,MAIN3.1,SPLUS-s26s42,1,,,ATLAS_GALEX small coverage (211 reference stars); large scatter for FWHM_n and r_auto-r_aper; Very bright star in the image
SPLUS,67.804,-33.550,2000,MAIN3.1,SPLUS-s26s43,1,,,
SPLUS,69.417,-33.550,2000,MAIN3.1,SPLUS-s26s44,1,,,
SPLUS,71.033,-33.550,2000,MAIN3.1,SPLUS-s26s45,1,,,
SPLUS,74.258,-33.550,2000,MAIN3.1,SPLUS-s26s47,1,,,
SPLUS,52.604,-34.872,2000,MAIN3.1,SPLUS-s27s33,1,,,
SPLUS,54.246,-34.872,2000,MAIN3.1,SPLUS-s27s34,1,,,
SPLUS,55.892,-34.872,2000,MAIN3.1,SPLUS-s27s35,1,,,Extremely bad class_star
SPLUS,57.533,-34.872,2000,MAIN3.1,SPLUS-s27s36,1,,,
SPLUS,59.179,-34.872,2000,MAIN3.1,SPLUS-s27s37,1,,,
SPLUS,60.821,-34.872,2000,MAIN3.1,SPLUS-s27s38,1,,,
SPLUS,62.467,-34.872,2000,MAIN3.1,SPLUS-s27s39,1,,,ATLAS_GALEX partially covered (424 reference stars)
SPLUS,64.108,-34.872,2000,MAIN3.1,SPLUS-s27s40,-1,,,
SPLUS,65.754,-34.872,2000,MAIN3.1,SPLUS-s27s41,1,,,ATLAS_GALEX small coverage (231 reference stars)
SPLUS,67.396,-34.872,2000,MAIN3.1,SPLUS-s27s42,1,,,
SPLUS,69.042,-34.872,2000,MAIN3.1,SPLUS-s27s43,1,,,large scatter for FWHM_n and r_auto-r_aper
SPLUS,70.683,-34.872,2000,MAIN3.1,SPLUS-s27s44,1,,,
SPLUS,51.667,-36.191,2000,MAIN3.1,SPLUS-s28s32,1,,,Large number of detections on the left side of CCD
SPLUS,53.333,-36.191,2000,MAIN3.1,SPLUS-s28s33,1,,,
SPLUS,55.000,-36.191,2000,MAIN3.1,SPLUS-s28s34,1,,,
SPLUS,56.667,-36.191,2000,MAIN3.1,SPLUS-s28s35,1,,,
SPLUS,58.333,-36.191,2000,MAIN3.1,SPLUS-s28s36,1,,,
SPLUS,60.000,-36.191,2000,MAIN3.1,SPLUS-s28s37,1,,,slightly bad class_star
SPLUS,61.667,-36.191,2000,MAIN3.1,SPLUS-s28s38,1,,,slightly large scatter for FWHM_n and r_auto-r_aper
SPLUS,63.333,-36.191,2000,MAIN3.1,SPLUS-s28s39,1,,,slightly large scatter for FWHM_n and r_auto-r_aper
SPLUS,65.000,-36.191,2000,MAIN3.1,SPLUS-s28s40,1,,,slightly bad class_star
SPLUS,66.667,-36.191,2000,MAIN3.1,SPLUS-s28s41,1,,,
SPLUS,68.333,-36.191,2000,MAIN3.1,SPLUS-s28s42,1,,,slightly bad class_star
SPLUS,70.000,-36.191,2000,MAIN3.1,SPLUS-s28s43,1,,,
SPLUS,71.667,-36.191,2000,MAIN3.1,SPLUS-s28s44,1,,,ATLAS_GALEX partially covered (567 reference stars)
SPLUS,73.333,-36.191,2000,MAIN3.1,SPLUS-s28s45,1,,,
SPLUS,50.942,-37.509,2000,MAIN3.1,SPLUS-s29s31,1,,,bad class_star
SPLUS,52.642,-37.509,2000,MAIN3.1,SPLUS-s29s32,1,,,
SPLUS,54.342,-37.509,2000,MAIN3.1,SPLUS-s29s33,1,,,
SPLUS,56.038,-37.509,2000,MAIN3.1,SPLUS-s29s34,1,,,
SPLUS,57.738,-37.509,2000,MAIN3.1,SPLUS-s29s35,1,,,slightly large scatter for FWHM_n and r_auto-r_aper
SPLUS,59.433,-37.509,2000,MAIN3.1,SPLUS-s29s36,1,,,slightly large scatter for FWHM_n and r_auto-r_aper
SPLUS,61.133,-37.509,2000,MAIN3.1,SPLUS-s29s37,1,,,slightly large scatter for FWHM_n and r_auto-r_aper
SPLUS,62.829,-37.509,2000,MAIN3.1,SPLUS-s29s38,1,,,
SPLUS,64.529,-37.509,2000,MAIN3.1,SPLUS-s29s39,1,,,
SPLUS,66.225,-37.509,2000,MAIN3.1,SPLUS-s29s40,1,,,slightly large scatter for FWHM_n and r_auto-r_aper
SPLUS,67.925,-37.509,2000,MAIN3.1,SPLUS-s29s41,1,,,
SPLUS,69.621,-37.509,2000,MAIN3.1,SPLUS-s29s42,1,,,ATLAS_GALEX partially covered (585 reference stars)
SPLUS,71.321,-37.509,2000,MAIN3.1,SPLUS-s29s43,1,,,ATLAS_GALEX small coverage (296 reference stars)
SPLUS,73.021,-37.509,2000,MAIN3.1,SPLUS-s29s44,1,,,
SPLUS,58.567,-38.824,2000,MAIN3.1,SPLUS-s30s35,1,,,ATLAS_GALEX partially covered (500 reference stars)
SPLUS,60.288,-38.824,2000,MAIN3.1,SPLUS-s30s36,1,,,ATLAS_GALEX partially covered (625 reference stars)
SPLUS,62.008,-38.824,2000,MAIN3.1,SPLUS-s30s37,1,,,slightly large scatter for FWHM_n and r_auto-r_aper
SPLUS,63.733,-38.824,2000,MAIN3.1,SPLUS-s30s38,1,,,slightly large scatter for FWHM_n and r_auto-r_aper
SPLUS,65.454,-38.824,2000,MAIN3.1,SPLUS-s30s39,1,,,
SPLUS,67.175,-38.824,2000,MAIN3.1,SPLUS-s30s40,1,,,
SPLUS,68.900,-38.824,2000,MAIN3.1,SPLUS-s30s41,1,,,slightly bad class_star
SPLUS,70.621,-38.824,2000,MAIN3.1,SPLUS-s30s42,1,,,
SPLUS,72.346,-38.824,2000,MAIN3.1,SPLUS-s30s43,1,,,
SPLUS,59.708,-40.138,2000,MAIN3.1,SPLUS-s31s35,1,,,ATLAS_GALEX partially covered (513 reference stars)
SPLUS,61.463,-40.138,2000,MAIN3.1,SPLUS-s31s36,1,,,
SPLUS,63.221,-40.138,2000,MAIN3.1,SPLUS-s31s37,1,,,slightly large scatter for FWHM_n and r_auto-r_aper
SPLUS,64.975,-40.138,2000,MAIN3.1,SPLUS-s31s38,1,,,slightly large scatter for FWHM_n and r_auto-r_aper; ATLAS_GALEX partially covered (538 reference stars)
SPLUS,66.733,-40.138,2000,MAIN3.1,SPLUS-s31s39,1,,,bad class_star; 
SPLUS,68.488,-40.138,2000,MAIN3.1,SPLUS-s31s40,1,,,slightly large scatter for FWHM_n and r_auto-r_aper
SPLUS,70.246,-40.138,2000,MAIN3.1,SPLUS-s31s41,1,,,
SPLUS,72.000,-40.138,2000,MAIN3.1,SPLUS-s31s42,1,,,
SPLUS,64.479,-41.449,2000,MAIN3.1,SPLUS-s32s37,1,,,large scatter for FWHM_n and r_auto-r_aper
SPLUS,66.267,-41.449,2000,MAIN3.1,SPLUS-s32s38,1,,,large scatter for FWHM_n and r_auto-r_aper
SPLUS,68.058,-41.449,2000,MAIN3.1,SPLUS-s32s39,1,,,slightly large scatter for FWHM_n and r_auto-r_aper
SPLUS,69.850,-41.449,2000,MAIN3.1,SPLUS-s32s40,1,,,ATLAS_GALEX small coverage (225 reference stars)
SPLUS,71.642,-41.449,2000,MAIN3.1,SPLUS-s32s41,1,,,bad class_star; ATLAS_GALEX partially covered (405 reference stars)
SPLUS,63.958,-42.758,2000,MAIN3.1,SPLUS-s33s36,1,,,large scatter for FWHM_n and r_auto-r_aper; bright star in the image
SPLUS,65.788,-42.758,2000,MAIN3.1,SPLUS-s33s37,1,,,slightly large scatter for FWHM_n and r_auto-r_aper
SPLUS,67.613,-42.758,2000,MAIN3.1,SPLUS-s33s38,1,,,large scatter for  r_auto-r_aper
SPLUS,69.442,-42.758,2000,MAIN3.1,SPLUS-s33s39,1,,,ATLAS_GALEX partially covered (585 reference stars)
SPLUS,71.271,-42.758,2000,MAIN3.1,SPLUS-s33s40,1,,,ATLAS_GALEX partially covered (583 reference stars)
SPLUS,73.096,-42.758,2000,MAIN3.1,SPLUS-s33s41,1,,,
SPLUS,67.150,-44.065,2000,MAIN3.1,SPLUS-s34s37,-1,,,
SPLUS,69.017,-44.065,2000,MAIN3.1,SPLUS-s34s38,1,,,slightly large scatter for FWHM_n and r_auto-r_aper; ATLAS_GALEX partially covered (393 reference stars)
SPLUS,70.879,-44.065,2000,MAIN3.1,SPLUS-s34s39,1,,,
SPLUS,72.746,-44.065,2000,MAIN3.1,SPLUS-s34s40,1,,,
SPLUS,74.613,-44.065,2000,MAIN3.1,SPLUS-s34s41,1,,,
SPLUS,68.571,-45.370,2000,MAIN3.1,SPLUS-s35s37,1,,,ATLAS_GALEX small coverage (147 reference stars)
SPLUS,72.379,-45.370,2000,MAIN3.1,SPLUS-s35s39,1,,,slightly large scatter for FWHM_n and r_auto-r_aper
SPLUS,74.288,-45.370,2000,MAIN3.1,SPLUS-s35s40,1,,,
SPLUS,68.479,-46.672,2000,MAIN3.1,SPLUS-s36s36,1,,,slightly large scatter for FWHM_n and r_auto-r_aper
SPLUS,70.433,-46.672,2000,MAIN3.1,SPLUS-s36s37,1,,,
SPLUS,72.392,-46.672,2000,MAIN3.1,SPLUS-s36s38,1,,,
SPLUS,74.346,-46.672,2000,MAIN3.1,SPLUS-s36s39,1,,,slightly large scatter for FWHM_n and r_auto-r_aper
SPLUS,70.000,-47.971,2000,MAIN3.1,SPLUS-s37s36,1,,,
SPLUS,72.000,-47.971,2000,MAIN3.1,SPLUS-s37s37,1,,,
SPLUS,74.000,-47.971,2000,MAIN3.1,SPLUS-s37s38,1,,,
SPLUS,71.592,-49.268,2000,MAIN3.1,SPLUS-s38s36,1,,,slightly bad class_star;
SPLUS,73.638,-49.268,2000,MAIN3.1,SPLUS-s38s37,1,,,
SPLUS,73.683,-50.563,2000,MAIN3.1,SPLUS-s39s36,1,,,
SPLUS,73.733,-51.853,2000,MAIN3.1,SPLUS-s40s35,1,,,
HYDRA-D,158.354,-34.635,2000,HYDRA,HYDRA-D-0001,,,,
HYDRA-D,156.679,-34.632,2000,HYDRA,HYDRA-D-0002,,,,
HYDRA-D,158.367,-36.005,2000,HYDRA,HYDRA-D-0003,,,,
HYDRA-D,156.667,-36.008,2000,HYDRA,HYDRA-D-0004,,,,
HYDRA,150.771,-23.909,2000,HYDRA,HYDRA-0011,,,,
HYDRA,152.308,-23.909,2000,HYDRA,HYDRA-0012,,,,
HYDRA,153.846,-23.909,2000,HYDRA,HYDRA-0013,,,,
HYDRA,155.383,-23.909,2000,HYDRA,HYDRA-0014,,,,
HYDRA,156.925,-23.909,2000,HYDRA,HYDRA-0015,,,,
HYDRA,158.463,-23.909,2000,HYDRA,HYDRA-0016,,,,
HYDRA,160.000,-23.909,2000,HYDRA,HYDRA-0017,,,,
HYDRA,161.538,-23.909,2000,HYDRA,HYDRA-0018,,,,
HYDRA,163.075,-23.909,2000,HYDRA,HYDRA-0019,,,,
HYDRA,164.617,-23.909,2000,HYDRA,HYDRA-0020,,,,
HYDRA,151.171,-25.300,2000,HYDRA,HYDRA-0021,,,,
HYDRA,152.729,-25.300,2000,HYDRA,HYDRA-0022,,,,
HYDRA,154.288,-25.300,2000,HYDRA,HYDRA-0023,,,,
HYDRA,155.846,-25.300,2000,HYDRA,HYDRA-0024,,,,
HYDRA,157.404,-25.300,2000,HYDRA,HYDRA-0025,,,,
HYDRA,158.963,-25.300,2000,HYDRA,HYDRA-0026,,,,
HYDRA,160.521,-25.300,2000,HYDRA,HYDRA-0027,,,,
HYDRA,162.079,-25.300,2000,HYDRA,HYDRA-0028,,,,
HYDRA,163.638,-25.300,2000,HYDRA,HYDRA-0029,,,,
HYDRA,150.000,-26.690,2000,HYDRA,HYDRA-0030,,,,
HYDRA,151.579,-26.690,2000,HYDRA,HYDRA-0031,,,,
HYDRA,153.158,-26.690,2000,HYDRA,HYDRA-0032,,,,
HYDRA,154.738,-26.690,2000,HYDRA,HYDRA-0033,,,,
HYDRA,156.317,-26.690,2000,HYDRA,HYDRA-0034,,,,
HYDRA,157.896,-26.690,2000,HYDRA,HYDRA-0035,,,,
HYDRA,159.475,-26.690,2000,HYDRA,HYDRA-0036,,,,
HYDRA,161.054,-26.690,2000,HYDRA,HYDRA-0037,,,,
HYDRA,162.633,-26.690,2000,HYDRA,HYDRA-0038,,,,
HYDRA,164.213,-26.690,2000,HYDRA,HYDRA-0039,,,,
HYDRA,151.329,-28.077,2000,HYDRA,HYDRA-0040,,,,
HYDRA,152.921,-28.077,2000,HYDRA,HYDRA-0041,,,,
HYDRA,154.513,-28.077,2000,HYDRA,HYDRA-0042,,,,
HYDRA,156.104,-28.077,2000,HYDRA,HYDRA-0043,,,,
HYDRA,157.700,-28.077,2000,HYDRA,HYDRA-0044,,,,
HYDRA,159.292,-28.077,2000,HYDRA,HYDRA-0045,,,,
HYDRA,160.883,-28.077,2000,HYDRA,HYDRA-0046,,,,
HYDRA,162.479,-28.077,2000,HYDRA,HYDRA-0047,,,,
HYDRA,164.071,-28.077,2000,HYDRA,HYDRA-0048,,,,
HYDRA,150.133,-29.463,2000,HYDRA,HYDRA-0049,,,,
HYDRA,151.750,-29.463,2000,HYDRA,HYDRA-0050,,,,
HYDRA,153.363,-29.463,2000,HYDRA,HYDRA-0051,,,,
HYDRA,154.979,-29.463,2000,HYDRA,HYDRA-0052,,,,
HYDRA,156.592,-29.463,2000,HYDRA,HYDRA-0053,,,,
HYDRA,158.208,-29.463,2000,HYDRA,HYDRA-0054,,,,
HYDRA,159.821,-29.463,2000,HYDRA,HYDRA-0055,,,,
HYDRA,161.433,-29.463,2000,HYDRA,HYDRA-0056,,,,
HYDRA,163.050,-29.463,2000,HYDRA,HYDRA-0057,,,,
HYDRA,164.663,-29.463,2000,HYDRA,HYDRA-0058,,,,
HYDRA,150.546,-30.847,2000,HYDRA,HYDRA-0059,,,,
HYDRA,152.183,-30.847,2000,HYDRA,HYDRA-0060,,,,
HYDRA,153.817,-30.847,2000,HYDRA,HYDRA-0061,,,,
HYDRA,155.454,-30.847,2000,HYDRA,HYDRA-0062,,,,
HYDRA,157.092,-30.847,2000,HYDRA,HYDRA-0063,,,,
HYDRA,158.729,-30.847,2000,HYDRA,HYDRA-0064,,,,
HYDRA,160.363,-30.847,2000,HYDRA,HYDRA-0065,,,,
HYDRA,162.000,-30.847,2000,HYDRA,HYDRA-0066,,,,
HYDRA,163.638,-30.847,2000,HYDRA,HYDRA-0067,,,,
HYDRA,150.967,-32.229,2000,HYDRA,HYDRA-0068,,,,
HYDRA,152.625,-32.229,2000,HYDRA,HYDRA-0069,,,,
HYDRA,154.288,-32.229,2000,HYDRA,HYDRA-0070,,,,
HYDRA,155.946,-32.229,2000,HYDRA,HYDRA-0071,,,,
HYDRA,157.604,-32.229,2000,HYDRA,HYDRA-0072,,,,
HYDRA,159.263,-32.229,2000,HYDRA,HYDRA-0073,,,,
HYDRA,160.921,-32.229,2000,HYDRA,HYDRA-0074,,,,
HYDRA,162.579,-32.229,2000,HYDRA,HYDRA-0075,,,,
HYDRA,164.242,-32.229,2000,HYDRA,HYDRA-0076,,,,
HYDRA,150.421,-33.609,2000,HYDRA,HYDRA-0077,,,,
HYDRA,152.113,-33.609,2000,HYDRA,HYDRA-0078,,,,
HYDRA,153.804,-33.609,2000,HYDRA,HYDRA-0079,,,,
HYDRA,155.492,-33.609,2000,HYDRA,HYDRA-0080,,,,
HYDRA,157.183,-33.609,2000,HYDRA,HYDRA-0081,,,,
HYDRA,158.875,-33.609,2000,HYDRA,HYDRA-0082,,,,
HYDRA,160.563,-33.609,2000,HYDRA,HYDRA-0083,,,,
HYDRA,162.254,-33.609,2000,HYDRA,HYDRA-0084,,,,
HYDRA,163.942,-33.609,2000,HYDRA,HYDRA-0085,,,,
HYDRA,150.858,-34.987,2000,HYDRA,HYDRA-0086,,,,
HYDRA,152.571,-34.987,2000,HYDRA,HYDRA-0087,,,,
HYDRA,154.288,-34.987,2000,HYDRA,HYDRA-0088,,,,
HYDRA,156.000,-34.987,2000,HYDRA,HYDRA-0089,,,,
HYDRA,159.429,-34.987,2000,HYDRA,HYDRA-0091,,,,
HYDRA,161.142,-34.987,2000,HYDRA,HYDRA-0092,,,,
HYDRA,162.858,-34.987,2000,HYDRA,HYDRA-0093,,,,
HYDRA,164.571,-34.987,2000,HYDRA,HYDRA-0094,,,,
HYDRA,151.304,-36.363,2000,HYDRA,HYDRA-0095,,,,
HYDRA,153.042,-36.363,2000,HYDRA,HYDRA-0096,,,,
HYDRA,154.783,-36.363,2000,HYDRA,HYDRA-0097,,,,
HYDRA,156.521,-36.363,2000,HYDRA,HYDRA-0098,,,,
HYDRA,158.263,-36.363,2000,HYDRA,HYDRA-0099,,,,
HYDRA,160.000,-36.363,2000,HYDRA,HYDRA-0100,,,,
HYDRA,161.738,-36.363,2000,HYDRA,HYDRA-0101,,,,
HYDRA,163.479,-36.363,2000,HYDRA,HYDRA-0102,,,,
HYDRA,150.738,-37.736,2000,HYDRA,HYDRA-0103,,,,
HYDRA,152.513,-37.736,2000,HYDRA,HYDRA-0104,,,,
HYDRA,154.288,-37.736,2000,HYDRA,HYDRA-0105,,,,
HYDRA,156.058,-37.736,2000,HYDRA,HYDRA-0106,,,,
HYDRA,157.833,-37.736,2000,HYDRA,HYDRA-0107,,,,
HYDRA,159.604,-37.736,2000,HYDRA,HYDRA-0108,,,,
HYDRA,161.379,-37.736,2000,HYDRA,HYDRA-0109,,,,
HYDRA,163.154,-37.736,2000,HYDRA,HYDRA-0110,,,,
HYDRA,164.925,-37.736,2000,HYDRA,HYDRA-0111,,,,
HYDRA,150.150,-39.107,2000,HYDRA,HYDRA-0112,,,,
HYDRA,151.958,-39.107,2000,HYDRA,HYDRA-0113,,,,
HYDRA,153.771,-39.107,2000,HYDRA,HYDRA-0114,,,,
HYDRA,155.579,-39.107,2000,HYDRA,HYDRA-0115,,,,
HYDRA,157.388,-39.107,2000,HYDRA,HYDRA-0116,,,,
HYDRA,159.196,-39.107,2000,HYDRA,HYDRA-0117,,,,
HYDRA,161.004,-39.107,2000,HYDRA,HYDRA-0118,,,,
HYDRA,162.813,-39.107,2000,HYDRA,HYDRA-0119,,,,
HYDRA,164.625,-39.107,2000,HYDRA,HYDRA-0120,,,,
HYDRA,151.383,-40.476,2000,HYDRA,HYDRA-0121,,,,
HYDRA,153.229,-40.476,2000,HYDRA,HYDRA-0122,,,,
HYDRA,155.075,-40.476,2000,HYDRA,HYDRA-0123,,,,
HYDRA,156.925,-40.476,2000,HYDRA,HYDRA-0124,,,,
HYDRA,158.771,-40.476,2000,HYDRA,HYDRA-0125,,,,
HYDRA,160.617,-40.476,2000,HYDRA,HYDRA-0126,,,,
HYDRA,162.463,-40.476,2000,HYDRA,HYDRA-0127,,,,
HYDRA,164.308,-40.476,2000,HYDRA,HYDRA-0128,,,,
HYDRA,150.783,-41.842,2000,HYDRA,HYDRA-0129,,,,
HYDRA,152.671,-41.842,2000,HYDRA,HYDRA-0130,,,,
HYDRA,154.554,-41.842,2000,HYDRA,HYDRA-0131,,,,
HYDRA,156.442,-41.842,2000,HYDRA,HYDRA-0132,,,,
HYDRA,158.325,-41.842,2000,HYDRA,HYDRA-0133,,,,
HYDRA,160.208,-41.842,2000,HYDRA,HYDRA-0134,,,,
HYDRA,162.096,-41.842,2000,HYDRA,HYDRA-0135,,,,
HYDRA,163.979,-41.842,2000,HYDRA,HYDRA-0136,,,,
HYDRA,150.163,-43.206,2000,HYDRA,HYDRA-0137,,,,
HYDRA,152.088,-43.206,2000,HYDRA,HYDRA-0138,,,,
HYDRA,154.013,-43.206,2000,HYDRA,HYDRA-0139,,,,
HYDRA,155.938,-43.206,2000,HYDRA,HYDRA-0140,,,,
HYDRA,157.863,-43.206,2000,HYDRA,HYDRA-0141,,,,
HYDRA,159.788,-43.206,2000,HYDRA,HYDRA-0142,,,,
HYDRA,161.713,-43.206,2000,HYDRA,HYDRA-0143,,,,
HYDRA,163.638,-43.206,2000,HYDRA,HYDRA-0144,,,,
HYDRA,151.475,-44.567,2000,HYDRA,HYDRA-0145,,,,
HYDRA,153.442,-44.567,2000,HYDRA,HYDRA-0146,,,,
HYDRA,155.408,-44.567,2000,HYDRA,HYDRA-0147,,,,
HYDRA,157.375,-44.567,2000,HYDRA,HYDRA-0148,,,,
HYDRA,159.346,-44.567,2000,HYDRA,HYDRA-0149,,,,
HYDRA,161.313,-44.567,2000,HYDRA,HYDRA-0150,,,,
HYDRA,163.279,-44.567,2000,HYDRA,HYDRA-0151,,,,
HYDRA,150.838,-45.925,2000,HYDRA,HYDRA-0152,,,,
HYDRA,152.850,-45.925,2000,HYDRA,HYDRA-0153,,,,
HYDRA,154.858,-45.925,2000,HYDRA,HYDRA-0154,,,,
HYDRA,156.871,-45.925,2000,HYDRA,HYDRA-0155,,,,
HYDRA,158.883,-45.925,2000,HYDRA,HYDRA-0156,,,,
HYDRA,160.896,-45.925,2000,HYDRA,HYDRA-0157,,,,
HYDRA,162.904,-45.925,2000,HYDRA,HYDRA-0158,,,,
HYDRA,164.917,-45.925,2000,HYDRA,HYDRA-0159,,,,
HYDRA,150.171,-47.281,2000,HYDRA,HYDRA-0160,,,,
HYDRA,152.229,-47.281,2000,HYDRA,HYDRA-0161,,,,
HYDRA,154.288,-47.281,2000,HYDRA,HYDRA-0162,,,,
HYDRA,156.342,-47.281,2000,HYDRA,HYDRA-0163,,,,
HYDRA,158.400,-47.281,2000,HYDRA,HYDRA-0164,,,,
HYDRA,160.458,-47.281,2000,HYDRA,HYDRA-0165,,,,
HYDRA,162.513,-47.281,2000,HYDRA,HYDRA-0166,,,,
HYDRA,164.571,-47.281,2000,HYDRA,HYDRA-0167,,,,
